<?xml version="1.0"?>
<?xml-stylesheet type="text/xsl" href="fgdc_classic.xsl"?>
<metadata xmlns:xsi="http://www.w3.org/2001/XMLSchema-instance" xsi:noNamespaceSchemaLocation="http://water.usgs.gov/GIS/metadata/usgswrd/fgdc-std-001-1998.xsd"><idinfo><citation><citeinfo><origin>U.S. Geological Survey</origin><pubdate>2007, December</pubdate><title>Study area boundary for unconfined aquifer analysis, Wood River Valley, South-Central Idaho</title><geoform>vector digital data</geoform><serinfo><sername>Scientific Investigations Report</sername><issue>2007-5258</issue></serinfo><lworkcit><citeinfo><origin>U.S. Geological Survey</origin><pubdate>2007</pubdate><title>Water-resource trends and comparisons between partial-development and October 2006 hydrologic conditions, Wood River Valley, South-Central Idaho</title><geoform>document</geoform><serinfo><sername>Scientific Investigations Report</sername><issue>2007-5258</issue></serinfo><onlink>http://pubs.usgs.gov/sir/2007/5258</onlink></citeinfo></lworkcit><onlink Sync="TRUE">\\igswiawwfs001\projects\Wood River Valley C1900\GISdata\DepthToBedrock\FinalCopies\boundary_cbaCopy</onlink></citeinfo></citation><descript><abstract>The entire population of the Wood River Valley depends on ground water for domestic supply, either from domestic or municipal-supply wells, rapid population growth since the 1970s has raised concerns about the continued availability of ground and surface water to support existing uses and streamflow.  To help address these concerns, ground- and surface-water conditions in the area before and during the population growth that started in the 1970s was evaluated.  This dataset denotes the boundary for ground-water analysis relating to 2006 hydrologic conditions of the unconfined aquifer.  Four of the tributary canyons outlined by this boundary were not included in ground-water analysis for pre-development conditions due to lack of pre-development data in these areas.</abstract><purpose>This dataset represents the ground-water study area boundary for the 2006 hydrologic conditions.</purpose><langdata>en</langdata></descript><timeperd><timeinfo><sngdate><caldate>2007</caldate></sngdate></timeinfo><current>publication date</current></timeperd><status><progress>Complete</progress><update>None planned</update></status><spdom><bounding><westbc>-114.429618</westbc><eastbc>-114.048136</eastbc><northbc>43.786699</northbc><southbc>43.297905</southbc></bounding></spdom><keywords><theme><themekt>ISO 19115 Topic Category</themekt><themekey>inlandWaters</themekey><themekey>aquifer</themekey></theme><place><placekt>Geographic Names Information System</placekt><placekey>Idaho</placekey><placekey>Wood River Valley</placekey><placekey>Blaine County</placekey><placekey>Ketchum</placekey><placekey>Sun Valley</placekey><placekey>Hailey</placekey><placekey>Bellevue</placekey><placekey>Picabo</placekey><placekey>Gannett</placekey></place></keywords><accconst>None.</accconst><useconst>None.</useconst><ptcontac><cntinfo><cntorgp><cntorg>U.S. Geological Survey</cntorg></cntorgp><cntaddr><addrtype>mailing address</addrtype><address>507 National Center</address><city>Reston</city><state>VA</state><postal>20192</postal><country>United States</country></cntaddr><cntvoice>1-888-275-8747 (1-888-ASK-USGS)</cntvoice><cntemail>http://answers.usgs.gov/cgi-bin/gsanswers?pemail=h2oteam&amp;subject=GIS+Dataset+sir2007-5258gwbnd</cntemail></cntinfo></ptcontac><datacred>U.S. Geological Survey in cooperation with Blaine County, City of Hailey, City of Ketchum, The Nature Conservancy, City of Sun Valley, Sun Valley Water and Sewer District, Blaine Soil Conservation District, City of Bellevue, and Citizens for Smart Growth.</datacred><secinfo><secsys>public</secsys><secclass>Unclassified</secclass><sechandl>None.</sechandl></secinfo><native>Microsoft Windows 2000 Version 5.2 (Build 3790) Service Pack 2; ESRI ArcCatalog 9.3.0.1770</native><crossref><citeinfo><origin>U.S. Geological Survey</origin><pubdate>2007, December</pubdate><title>Ground-water level contours for the unconfined aquifer in the Wood River Valley, south-central Idaho, representing conditions during October 2006.</title><geoform>vector digital data</geoform><onlink>http://water.usgs.gov/GIS/metadata/usgswrd/XML/sir2007-5258_oct2006wl.xml</onlink><lworkcit><citeinfo><origin>U.S. Geological Survey</origin><pubdate>2007</pubdate><title>Water-resource trends and comparisons between partial-development and October 2006 hydrologic conditions, Wood River Valley, South-Central Idaho</title><geoform>document</geoform><serinfo><sername>Scientific Investigations Report</sername><issue>2007-5258</issue></serinfo><onlink>http://pubs.usgs.gov/sir/2007/5258/</onlink></citeinfo></lworkcit></citeinfo></crossref><crossref><citeinfo><origin>U.S. Geological Survey</origin><pubdate>2007, December</pubdate><title>Ground-water level contours for the unconfined aquifer in the Wood River Valley, south-central Idaho, representing the partial-development conditions.</title><geoform>vector digital data</geoform><onlink>http://water.usgs.gov/GIS/metadata/usgswrd/XML/sir2007-5258_partdev.xml</onlink><lworkcit><citeinfo><origin>U.S. Geological Survey</origin><pubdate>2007</pubdate><title>Water-resource trends and comparisons between partial-development and October 2006 hydrologic conditions, Wood River Valley, South-Central Idaho</title><geoform>document</geoform><serinfo><sername>Scientific Investigations Report</sername><issue>2007-5258</issue></serinfo><onlink>http://pubs.usgs.gov/sir/2007/5258/</onlink></citeinfo></lworkcit></citeinfo></crossref><crossref><citeinfo><origin>U.S. Geological Survey</origin><pubdate>2007, December</pubdate><title>Difference between the 2006 and partial-development ground-water conditions for the unconfined aquifer in the Wood River Valley, south-central Idaho.</title><geoform>vector digital data</geoform><onlink>http://water.usgs.gov/GIS/metadata/usgswrd/XML/sir2007-5258wldifference.xml</onlink><lworkcit><citeinfo><origin>U.S. Geological Survey</origin><pubdate>2007</pubdate><title>Water-resource trends and comparisons between partial-development and October 2006 hydrologic conditions, Wood River Valley, South-Central Idaho</title><geoform>document</geoform><serinfo><sername>Scientific Investigations Report</sername><issue>2007-5258</issue></serinfo><onlink>http://pubs.usgs.gov/sir/2007/5258/</onlink></citeinfo></lworkcit></citeinfo></crossref><natvform Sync="TRUE">Shapefile</natvform></idinfo><dataqual><attracc><attraccr>Only software generated attributes are present.</attraccr></attracc><logic>Unconfined aquifer boundaries were visually evaluated and reviewed to be hydrologically consistent and correct.</logic><complete></complete><lineage><procstep><procdesc>The study area boundary was defined by using a DEM converted to a slope model to determine the transition from the adjacent bedrock hills (high slope values) to the flat portions of the valley filled with unconsolidated sediment (low slope values). This transition represents the approximate location of the boundary between the unconfined aquifer and the adjacent bedrock in the tributary canyons and the main valley.  Further described in SIR2007-5258.</procdesc><procdate>2007</procdate></procstep><procstep><procdesc Sync="TRUE">Dataset copied.</procdesc><srcused Sync="TRUE">D:\WoodRValley_GWresrcs\GISfiles\final_datasets\sir2007-5258gwbnd</srcused><procdate Sync="TRUE">20091209</procdate><proctime Sync="TRUE">10041200</proctime></procstep><procstep><procdesc Sync="TRUE">Dataset copied.</procdesc><srcused Sync="TRUE">Y:\Skinner_tsfr\sir2007-5258gwbnd</srcused><procdate Sync="TRUE">20100108</procdate><proctime Sync="TRUE">12063400</proctime></procstep><procstep><procdesc Sync="TRUE">Dataset copied.</procdesc><srcused Sync="TRUE">Z:\Wood River Valley C1900\GISdata\Shapefiles\sir2007-5258gwbnd</srcused><procdate Sync="TRUE">20110330</procdate><proctime Sync="TRUE">11563800</proctime></procstep><procstep><procdesc Sync="TRUE">Dataset copied.</procdesc><srcused Sync="TRUE">C:\Documents and Settings\cadkins\My Documents\WoodRiver\GIS\boundary_cba</srcused><procdate Sync="TRUE">20110401</procdate><proctime Sync="TRUE">10590900</proctime></procstep><procstep><procdesc Sync="TRUE">Dataset copied.</procdesc><srcused Sync="TRUE">Z:\Wood River Valley C1900\GISdata\DepthToBedrock\boundary_cba</srcused><procdate Sync="TRUE">20110401</procdate><proctime Sync="TRUE">15391900</proctime></procstep><procstep><procdesc Sync="TRUE">Dataset copied.</procdesc><srcused Sync="TRUE">C:\Documents and Settings\cadkins\My Documents\WoodRiver\GIS\boundary_cbaCopy</srcused><procdate Sync="TRUE">20110617</procdate><proctime Sync="TRUE">14481700</proctime></procstep></lineage></dataqual><spdoinfo><direct>Vector</direct><ptvctinf><sdtsterm><sdtstype>G-polygon</sdtstype><ptvctcnt>1</ptvctcnt></sdtsterm></ptvctinf></spdoinfo><spref><horizsys><planar><mapproj><mapprojn>Transverse Mercator</mapprojn><transmer><sfctrmer>0.999600</sfctrmer><longcm>-114.000000</longcm><latprjo>42.000000</latprjo><feast>2500000.000000</feast><fnorth>1200000.000000</fnorth></transmer></mapproj><planci><plance>row and column</plance><coordrep><absres>10</absres><ordres>10</ordres></coordrep><plandu>meters</plandu></planci></planar><geodetic><horizdn>North American Datum of 1983</horizdn><ellips>Geodetic Reference System 80</ellips><semiaxis>6378137.000000</semiaxis><denflat>298.257222</denflat></geodetic></horizsys></spref><eainfo><detailed><enttyp><enttypl>sir2007-5258gwbnd</enttypl><enttypd>Study area boundary for unconfined aquifer analysis, Wood River Valley, South-Central Idaho</enttypd><enttypds>U.S. Geological Survey</enttypds></enttyp><attr><attrlabl>FID</attrlabl><attrdef>Internal feature number.</attrdef><attrdefs>ESRI</attrdefs><attrdomv><udom>Sequential unique whole numbers that are automatically generated.</udom></attrdomv></attr><attr><attrlabl>Shape</attrlabl><attrdef>Feature geometry.</attrdef><attrdefs>ESRI</attrdefs><attrdomv><udom>Coordinates defining the features.</udom></attrdomv></attr><attr><attrlabl>Id</attrlabl><attrtype>Number</attrtype><attwidth>6</attwidth></attr></detailed></eainfo><distinfo><distrib><cntinfo><cntorgp><cntorg>U.S. Geological Survey</cntorg></cntorgp><cntpos>Ask USGS -- Water Webserver Team</cntpos><cntaddr><addrtype>mailing address</addrtype><address>507 National Center</address><city>Reston</city><state>VA</state><postal>20192</postal></cntaddr><cntvoice>1-888-275-8747 (1-888-ASK-USGS)</cntvoice><cntemail>http://answers.usgs.gov/cgi-bin/gsanswers?pemail=h2oteam&amp;subject=GIS+Dataset+sir2007-5258gwbnd</cntemail></cntinfo></distrib><distliab>Although this data set has been used by the U.S. Geological Survey, U.S. Department of the Interior, no warranty expressed or implied is made by the U.S. Geological Survey as to the accuracy of the data and related materials.  The act of distribution shall not constitute any such warranty, and no responsibility is assumed by the U.S. Geological Survey in the use of this data, software, or related materials.</distliab><stdorder><digform><digtinfo><formname>compressed shapefile</formname><transize>0.288</transize><dssize Sync="TRUE">0.332</dssize></digtinfo><digtopt><onlinopt><computer><networka><networkr>http://water.usgs.gov/GIS/dsdl/sir2007-5258gwbnd.zip</networkr></networka></computer></onlinopt></digtopt></digform><fees>None.  This dataset is provided by the USGS as a public service.</fees></stdorder></distinfo><metainfo><metd>20081105</metd><metc><cntinfo><cntorgp><cntorg>U.S. Geological Survey</cntorg></cntorgp><cntpos>Ask USGS -- Water Webserver Team</cntpos><cntaddr><addrtype>mailing address</addrtype><address>507 National Center</address><city>Reston</city><state>VA</state><postal>20192</postal></cntaddr><cntvoice>1-888-275-8747 (1-888-ASK-USGS).</cntvoice><cntemail>http://answers.usgs.gov/cgi-bin/gsanswers?pemail=h2oteam&amp;subject=GIS+Dataset+sir2007-5258_oct2006confinedwl</cntemail></cntinfo></metc><metstdn>FGDC Content Standards for Digital Geospatial Metadata</metstdn><metstdv>FGDC-STD-001-1998</metstdv></metainfo><Esri><CreaDate>20130920</CreaDate><CreaTime>15043600</CreaTime><SyncOnce>FALSE</SyncOnce><SyncDate>20110616</SyncDate><SyncTime>09201100</SyncTime><ModDate>20110616</ModDate><ModTime>09201100</ModTime><ArcGISFormat>1.0</ArcGISFormat><DataProperties><itemProps><itemLocation><linkage Sync="TRUE">file://\\IGSWIAWWLT020\C$\Users\jrbartol\Documents\ArcGIS\WRV_HydGeoFrmwrk_Maps_Nov11\WRV_BasaltExtent\WRV_AqfExt_14Nov11</linkage><protocol Sync="TRUE">Local Area Network</protocol></itemLocation></itemProps><copyHistory><copy source="C:\Users\jrbartol\Documents\ArcGIS\WRV_HydGeoFrmwrk_Maps_Nov11\AqfExtent2011\WRV_AqfExt_14Nov11" dest="\\IGSWIAWWLT020\C$\Users\jrbartol\Documents\ArcGIS\WRV_HydGeoFrmwrk_Maps_Nov11\WRV_BasaltExtent\WRV_AqfExt_14Nov11" date="20111115" time="17132800"></copy></copyHistory></DataProperties><ArcGISstyle>XTools Pro Metadata</ArcGISstyle></Esri><distInfo><distributor><distorTran><onLineSrc><linkage Sync="TRUE">file://\\igswiawwfs001\projects\Wood River Valley C1900\GISdata\DepthToBedrock\FinalCopies\boundary_cbaCopy</linkage><protocol Sync="TRUE">Local Area Network</protocol></onLineSrc></distorTran></distributor></distInfo><history><log><item><changeset>0</changeset><changetype>Data</changetype><user>GS\cadkins</user><date>3/30/2011 2:01:05 PM</date><comment></comment></item><item><changeset>1</changeset><changetype>Data</changetype><user>GS\cadkins</user><date>3/30/2011 2:07:18 PM</date><comment></comment></item><item><changeset>2</changeset><changetype>Data</changetype><user>GS\cadkins</user><date>3/30/2011 2:21:25 PM</date><comment></comment></item><item><changeset>3</changeset><changetype>Data</changetype><user>GS\cadkins</user><date>3/30/2011 2:22:37 PM</date><comment></comment></item><item><changeset>4</changeset><changetype>Data</changetype><user>GS\cadkins</user><date>3/30/2011 2:25:28 PM</date><comment></comment></item><item><changeset>5</changeset><changetype>Data</changetype><user>GS\cadkins</user><date>3/30/2011 2:31:28 PM</date><comment></comment></item><item><changeset>6</changeset><changetype>Data</changetype><user>GS\cadkins</user><date>3/30/2011 2:35:25 PM</date><comment></comment></item><item><changeset>7</changeset><changetype>Data</changetype><user>GS\cadkins</user><date>3/30/2011 2:38:46 PM</date><comment></comment></item><item><changeset>8</changeset><changetype>Data</changetype><user>GS\cadkins</user><date>3/30/2011 2:41:06 PM</date><comment></comment></item><item><changeset>9</changeset><changetype>Data</changetype><user>GS\cadkins</user><date>3/30/2011 2:43:02 PM</date><comment></comment></item><item><changeset>10</changeset><changetype>Data</changetype><user>GS\cadkins</user><date>3/30/2011 2:47:46 PM</date><comment></comment></item><item><changeset>11</changeset><changetype>Data</changetype><user>GS\cadkins</user><date>3/30/2011 3:05:13 PM</date><comment></comment></item><item><changeset>12</changeset><changetype>Data</changetype><user>GS\cadkins</user><date>3/30/2011 3:09:23 PM</date><comment></comment></item><item><changeset>13</changeset><changetype>Data</changetype><user>GS\cadkins</user><date>3/30/2011 3:16:34 PM</date><comment></comment></item><item><changeset>14</changeset><changetype>Data</changetype><user>GS\cadkins</user><date>3/30/2011 3:24:21 PM</date><comment></comment></item><item><changeset>15</changeset><changetype>Data</changetype><user>GS\cadkins</user><date>3/30/2011 3:32:43 PM</date><comment></comment></item><item><changeset>16</changeset><changetype>Data</changetype><user>GS\cadkins</user><date>3/30/2011 3:39:15 PM</date><comment></comment></item><item><changeset>17</changeset><changetype>Data</changetype><user>GS\cadkins</user><date>3/30/2011 3:44:36 PM</date><comment></comment></item><item><changeset>18</changeset><changetype>Data</changetype><user>GS\cadkins</user><date>3/30/2011 3:54:34 PM</date><comment></comment></item><item><changeset>19</changeset><changetype>Data</changetype><user>GS\cadkins</user><date>3/30/2011 4:00:20 PM</date><comment></comment></item><item><changeset>20</changeset><changetype>Data</changetype><user>GS\cadkins</user><date>3/30/2011 4:07:10 PM</date><comment></comment></item><item><changeset>21</changeset><changetype>Data</changetype><user>GS\cadkins</user><date>3/30/2011 4:12:43 PM</date><comment></comment></item><item><changeset>22</changeset><changetype>Data</changetype><user>GS\cadkins</user><date>3/30/2011 4:18:02 PM</date><comment></comment></item><item><changeset>23</changeset><changetype>Data</changetype><user>GS\cadkins</user><date>3/30/2011 4:22:19 PM</date><comment></comment></item><item><changeset>24</changeset><changetype>Data</changetype><user>GS\cadkins</user><date>3/30/2011 4:26:07 PM</date><comment></comment></item><item><changeset>25</changeset><changetype>Data</changetype><user>GS\cadkins</user><date>3/30/2011 4:33:04 PM</date><comment></comment></item><item><changeset>26</changeset><changetype>Data</changetype><user>GS\cadkins</user><date>3/30/2011 4:36:35 PM</date><comment></comment></item><item><changeset>27</changeset><changetype>Data</changetype><user>GS\cadkins</user><date>3/30/2011 4:37:45 PM</date><comment></comment></item><item><changeset>28</changeset><changetype>Data</changetype><user>GS\cadkins</user><date>3/30/2011 4:40:40 PM</date><comment></comment></item><item><changeset>29</changeset><changetype>Data</changetype><user>GS\cadkins</user><date>3/30/2011 4:50:03 PM</date><comment></comment></item><item><changeset>30</changeset><changetype>Data</changetype><user>GS\cadkins</user><date>3/30/2011 4:54:01 PM</date><comment></comment></item><item><changeset>31</changeset><changetype>Data</changetype><user>GS\cadkins</user><date>3/31/2011 9:54:20 AM</date><comment></comment></item><item><changeset>32</changeset><changetype>Data</changetype><user>GS\cadkins</user><date>3/31/2011 10:15:37 AM</date><comment></comment></item><item><changeset>33</changeset><changetype>Data</changetype><user>GS\cadkins</user><date>3/31/2011 10:18:19 AM</date><comment></comment></item><item><changeset>34</changeset><changetype>Data</changetype><user>GS\cadkins</user><date>3/31/2011 10:29:24 AM</date><comment></comment></item><item><changeset>35</changeset><changetype>Data</changetype><user>GS\cadkins</user><date>3/31/2011 10:30:23 AM</date><comment></comment></item><item><changeset>36</changeset><changetype>Data</changetype><user>GS\cadkins</user><date>3/31/2011 10:39:55 AM</date><comment></comment></item><item><changeset>37</changeset><changetype>Data</changetype><user>GS\cadkins</user><date>3/31/2011 10:47:07 AM</date><comment></comment></item><item><changeset>38</changeset><changetype>Data</changetype><user>GS\cadkins</user><date>3/31/2011 10:55:48 AM</date><comment></comment></item><item><changeset>39</changeset><changetype>Data</changetype><user>GS\cadkins</user><date>3/31/2011 11:03:02 AM</date><comment></comment></item><item><changeset>40</changeset><changetype>Data</changetype><user>GS\cadkins</user><date>3/31/2011 11:09:09 AM</date><comment></comment></item><item><changeset>41</changeset><changetype>Data</changetype><user>GS\cadkins</user><date>3/31/2011 11:14:10 AM</date><comment></comment></item><item><changeset>42</changeset><changetype>Data</changetype><user>GS\cadkins</user><date>3/31/2011 11:22:50 AM</date><comment></comment></item><item><changeset>43</changeset><changetype>Data</changetype><user>GS\cadkins</user><date>3/31/2011 11:26:04 AM</date><comment></comment></item><item><changeset>44</changeset><changetype>Data</changetype><user>GS\cadkins</user><date>3/31/2011 11:29:09 AM</date><comment></comment></item><item><changeset>45</changeset><changetype>Data</changetype><user>GS\cadkins</user><date>3/31/2011 11:33:00 AM</date><comment></comment></item><item><changeset>46</changeset><changetype>Data</changetype><user>GS\cadkins</user><date>3/31/2011 11:40:32 AM</date><comment></comment></item><item><changeset>47</changeset><changetype>Data</changetype><user>GS\cadkins</user><date>3/31/2011 11:59:03 AM</date><comment></comment></item><item><changeset>48</changeset><changetype>Data</changetype><user>GS\cadkins</user><date>3/31/2011 12:00:17 PM</date><comment></comment></item><item><changeset>49</changeset><changetype>Data</changetype><user>GS\cadkins</user><date>3/31/2011 12:39:11 PM</date><comment></comment></item><item><changeset>50</changeset><changetype>Data</changetype><user>GS\cadkins</user><date>3/31/2011 12:44:38 PM</date><comment></comment></item><item><changeset>51</changeset><changetype>Data</changetype><user>GS\cadkins</user><date>3/31/2011 12:52:59 PM</date><comment></comment></item><item><changeset>52</changeset><changetype>Data</changetype><user>GS\cadkins</user><date>3/31/2011 12:54:31 PM</date><comment></comment></item><item><changeset>53</changeset><changetype>Data</changetype><user>GS\cadkins</user><date>3/31/2011 1:10:25 PM</date><comment></comment></item><item><changeset>54</changeset><changetype>Data</changetype><user>GS\cadkins</user><date>3/31/2011 1:16:11 PM</date><comment></comment></item><item><changeset>55</changeset><changetype>Data</changetype><user>GS\cadkins</user><date>3/31/2011 1:21:08 PM</date><comment></comment></item><item><changeset>56</changeset><changetype>Data</changetype><user>GS\cadkins</user><date>3/31/2011 1:24:16 PM</date><comment></comment></item><item><changeset>57</changeset><changetype>Data</changetype><user>GS\cadkins</user><date>3/31/2011 1:29:43 PM</date><comment></comment></item><item><changeset>58</changeset><changetype>Data</changetype><user>GS\cadkins</user><date>3/31/2011 1:33:28 PM</date><comment></comment></item><item><changeset>59</changeset><changetype>Data</changetype><user>GS\cadkins</user><date>3/31/2011 1:43:14 PM</date><comment></comment></item><item><changeset>60</changeset><changetype>Data</changetype><user>GS\cadkins</user><date>3/31/2011 1:47:20 PM</date><comment></comment></item><item><changeset>61</changeset><changetype>Data</changetype><user>GS\cadkins</user><date>3/31/2011 1:50:35 PM</date><comment></comment></item><item><changeset>62</changeset><changetype>Data</changetype><user>GS\cadkins</user><date>3/31/2011 1:54:54 PM</date><comment></comment></item><item><changeset>63</changeset><changetype>Data</changetype><user>GS\cadkins</user><date>3/31/2011 2:01:03 PM</date><comment></comment></item><item><changeset>64</changeset><changetype>Data</changetype><user>GS\cadkins</user><date>3/31/2011 2:11:12 PM</date><comment></comment></item><item><changeset>65</changeset><changetype>Data</changetype><user>GS\cadkins</user><date>3/31/2011 2:14:44 PM</date><comment></comment></item><item><changeset>66</changeset><changetype>Data</changetype><user>GS\cadkins</user><date>3/31/2011 2:21:54 PM</date><comment></comment></item><item><changeset>67</changeset><changetype>Data</changetype><user>GS\cadkins</user><date>3/31/2011 2:25:51 PM</date><comment></comment></item><item><changeset>68</changeset><changetype>Data</changetype><user>GS\cadkins</user><date>3/31/2011 2:38:26 PM</date><comment></comment></item><item><changeset>69</changeset><changetype>Data</changetype><user>GS\cadkins</user><date>3/31/2011 2:46:14 PM</date><comment></comment></item><item><changeset>70</changeset><changetype>Data</changetype><user>GS\cadkins</user><date>3/31/2011 2:55:44 PM</date><comment></comment></item><item><changeset>71</changeset><changetype>Data</changetype><user>GS\cadkins</user><date>3/31/2011 3:07:00 PM</date><comment></comment></item><item><changeset>72</changeset><changetype>Data</changetype><user>GS\cadkins</user><date>3/31/2011 3:11:17 PM</date><comment></comment></item><item><changeset>73</changeset><changetype>Data</changetype><user>GS\cadkins</user><date>3/31/2011 3:27:01 PM</date><comment></comment></item><item><changeset>74</changeset><changetype>Data</changetype><user>GS\cadkins</user><date>3/31/2011 3:39:57 PM</date><comment></comment></item><item><changeset>75</changeset><changetype>Data</changetype><user>GS\cadkins</user><date>3/31/2011 3:45:17 PM</date><comment></comment></item><item><changeset>76</changeset><changetype>Data</changetype><user>GS\cadkins</user><date>3/31/2011 4:17:37 PM</date><comment></comment></item><item><changeset>77</changeset><changetype>Data</changetype><user>GS\cadkins</user><date>3/31/2011 4:19:22 PM</date><comment></comment></item><item><changeset>78</changeset><changetype>Data</changetype><user>GS\cadkins</user><date>3/31/2011 4:28:00 PM</date><comment></comment></item><item><changeset>79</changeset><changetype>Data</changetype><user>GS\cadkins</user><date>4/1/2011 8:39:25 AM</date><comment></comment></item><item><changeset>80</changeset><changetype>Data</changetype><user>GS\cadkins</user><date>4/1/2011 8:44:50 AM</date><comment></comment></item><item><changeset>81</changeset><changetype>Data</changetype><user>GS\cadkins</user><date>4/1/2011 8:54:12 AM</date><comment></comment></item><item><changeset>82</changeset><changetype>Data</changetype><user>GS\cadkins</user><date>4/1/2011 9:02:03 AM</date><comment></comment></item><item><changeset>83</changeset><changetype>Data</changetype><user>GS\cadkins</user><date>4/1/2011 9:29:19 AM</date><comment></comment></item><item><changeset>84</changeset><changetype>Data</changetype><user>GS\cadkins</user><date>4/1/2011 9:36:46 AM</date><comment></comment></item><item><changeset>85</changeset><changetype>Data</changetype><user>GS\cadkins</user><date>4/1/2011 9:43:34 AM</date><comment></comment></item><item><changeset>86</changeset><changetype>Data</changetype><user>GS\cadkins</user><date>4/1/2011 9:55:57 AM</date><comment></comment></item><item><changeset>87</changeset><changetype>Data</changetype><user>GS\cadkins</user><date>4/1/2011 10:03:44 AM</date><comment></comment></item><item><changeset>88</changeset><changetype>Data</changetype><user>GS\cadkins</user><date>4/1/2011 10:12:02 AM</date><comment></comment></item><item><changeset>89</changeset><changetype>Data</changetype><user>GS\cadkins</user><date>4/1/2011 10:13:31 AM</date><comment></comment></item><item><changeset>90</changeset><changetype>Data</changetype><user>GS\cadkins</user><date>4/1/2011 10:19:57 AM</date><comment></comment></item><item><changeset>91</changeset><changetype>Data</changetype><user>GS\cadkins</user><date>4/1/2011 10:22:08 AM</date><comment></comment></item><item><changeset>92</changeset><changetype>Data</changetype><user>GS\cadkins</user><date>4/1/2011 10:24:54 AM</date><comment></comment></item><item><changeset>93</changeset><changetype>Data</changetype><user>GS\cadkins</user><date>4/1/2011 10:33:20 AM</date><comment></comment></item><item><changeset>94</changeset><changetype>Data</changetype><user>GS\cadkins</user><date>4/1/2011 10:44:21 AM</date><comment></comment></item><item><changeset>95</changeset><changetype>Data</changetype><user>GS\cadkins</user><date>4/1/2011 10:54:21 AM</date><comment></comment></item><item><changeset>96</changeset><changetype>Data</changetype><user>GS\cadkins</user><date>4/1/2011 10:55:46 AM</date><comment></comment></item><item><changeset>97</changeset><changetype>Data</changetype><user>GS\cadkins</user><date>4/1/2011 3:48:13 PM</date><comment></comment></item><item><changeset>98</changeset><changetype>Data</changetype><user>GS\cadkins</user><date>4/1/2011 3:56:01 PM</date><comment></comment></item><item><changeset>99</changeset><changetype>Data</changetype><user>GS\cadkins</user><date>4/1/2011 4:03:20 PM</date><comment></comment></item><item><changeset>100</changeset><changetype>Data</changetype><user>GS\cadkins</user><date>4/1/2011 4:15:17 PM</date><comment></comment></item><item><changeset>101</changeset><changetype>Data</changetype><user>GS\cadkins</user><date>4/1/2011 4:22:17 PM</date><comment></comment></item><item><changeset>102</changeset><changetype>Data</changetype><user>GS\cadkins</user><date>4/1/2011 4:27:46 PM</date><comment></comment></item><item><changeset>103</changeset><changetype>Data</changetype><user>GS\cadkins</user><date>4/4/2011 9:00:18 AM</date><comment></comment></item><item><changeset>104</changeset><changetype>Data</changetype><user>GS\cadkins</user><date>4/4/2011 10:34:34 AM</date><comment></comment></item><item><changeset>105</changeset><changetype>Data</changetype><user>GS\cadkins</user><date>4/4/2011 10:37:16 AM</date><comment></comment></item><item><changeset>106</changeset><changetype>Data</changetype><user>GS\cadkins</user><date>4/4/2011 10:46:16 AM</date><comment></comment></item><item><changeset>107</changeset><changetype>Data</changetype><user>GS\cadkins</user><date>4/4/2011 1:09:30 PM</date><comment></comment></item><item><changeset>108</changeset><changetype>Data</changetype><user>GS\cadkins</user><date>4/4/2011 1:47:04 PM</date><comment></comment></item><item><changeset>109</changeset><changetype>Data</changetype><user>GS\cadkins</user><date>4/4/2011 2:14:29 PM</date><comment></comment></item><item><changeset>110</changeset><changetype>Data</changetype><user>GS\cadkins</user><date>4/4/2011 2:24:07 PM</date><comment></comment></item><item><changeset>111</changeset><changetype>Data</changetype><user>GS\cadkins</user><date>4/4/2011 2:36:18 PM</date><comment></comment></item><item><changeset>112</changeset><changetype>Data</changetype><user>GS\cadkins</user><date>4/4/2011 2:44:43 PM</date><comment></comment></item><item><changeset>113</changeset><changetype>Data</changetype><user>GS\cadkins</user><date>4/4/2011 2:48:36 PM</date><comment></comment></item><item><changeset>114</changeset><changetype>Data</changetype><user>GS\cadkins</user><date>4/4/2011 3:00:15 PM</date><comment></comment></item><item><changeset>115</changeset><changetype>Data</changetype><user>GS\cadkins</user><date>4/4/2011 3:14:37 PM</date><comment></comment></item><item><changeset>116</changeset><changetype>Data</changetype><user>GS\cadkins</user><date>4/5/2011 10:39:21 AM</date><comment></comment></item><item><changeset>117</changeset><changetype>Data</changetype><user>GS\cadkins</user><date>4/5/2011 11:00:14 AM</date><comment></comment></item><item><changeset>118</changeset><changetype>Data</changetype><user>GS\cadkins</user><date>4/5/2011 11:06:39 AM</date><comment></comment></item><item><changeset>119</changeset><changetype>Data</changetype><user>GS\cadkins</user><date>4/5/2011 11:08:09 AM</date><comment></comment></item><item><changeset>120</changeset><changetype>Data</changetype><user>GS\cadkins</user><date>4/5/2011 11:10:43 AM</date><comment></comment></item><item><changeset>121</changeset><changetype>Data</changetype><user>GS\cadkins</user><date>4/5/2011 11:17:36 AM</date><comment></comment></item><item><changeset>122</changeset><changetype>Data</changetype><user>GS\cadkins</user><date>4/5/2011 11:25:41 AM</date><comment></comment></item><item><changeset>123</changeset><changetype>Data</changetype><user>GS\cadkins</user><date>4/5/2011 11:38:01 AM</date><comment></comment></item><item><changeset>124</changeset><changetype>Data</changetype><user>GS\cadkins</user><date>4/5/2011 12:53:35 PM</date><comment></comment></item><item><changeset>125</changeset><changetype>Data</changetype><user>GS\cadkins</user><date>4/5/2011 12:57:06 PM</date><comment></comment></item><item><changeset>126</changeset><changetype>Data</changetype><user>GS\cadkins</user><date>4/5/2011 12:57:44 PM</date><comment></comment></item><item><changeset>127</changeset><changetype>Data</changetype><user>GS\cadkins</user><date>4/5/2011 12:59:37 PM</date><comment></comment></item><item><changeset>128</changeset><changetype>Data</changetype><user>GS\cadkins</user><date>4/5/2011 1:01:35 PM</date><comment></comment></item><item><changeset>129</changeset><changetype>Data</changetype><user>GS\cadkins</user><date>4/5/2011 1:02:20 PM</date><comment></comment></item><item><changeset>130</changeset><changetype>Data</changetype><user>GS\cadkins</user><date>4/6/2011 10:36:26 AM</date><comment></comment></item><item><changeset>131</changeset><changetype>Data</changetype><user>GS\cadkins</user><date>4/6/2011 1:25:34 PM</date><comment></comment></item><item><changeset>132</changeset><changetype>Data</changetype><user>GS\cadkins</user><date>6/16/2011 8:53:23 AM</date><comment></comment></item><item><changeset>133</changeset><changetype>Data</changetype><user>GS\cadkins</user><date>6/16/2011 9:20:10 AM</date><comment></comment></item></log></history></metadata>
