WaterRight,CombWaterRight,Source,WaterUse,MaxDivRate,Pdate
37-11387,37-104,BIG WOOD RIVER,1,1.14,5/15/1882
37-11387,37-105A,BIG WOOD RIVER,1,4.55,5/31/1887
37-11387,37-11394,BIG WOOD RIVER,1,1.28,9/1/1920
37-11430,37-20570,BIG WOOD RIVER,1,6.49,3/24/1883
37-11430,37-20571,BIG WOOD RIVER,1,0.77,3/24/1883
37-11430,37-20574,BIG WOOD RIVER,1,2.21,5/15/1885
37-11430,37-20577,BIG WOOD RIVER,1,9.6,5/31/1887
37-11430,37-20578,BIG WOOD RIVER,1,1.11,5/31/1887
37-11430,37-20581,BIG WOOD RIVER,1,0.55,6/15/1891
37-11430,37-20584,BIG WOOD RIVER,1,3.32,5/15/1892
37-11430,37-20593,BIG WOOD RIVER,1,3.36,6/30/1884
37-11430,37-22026,BIG WOOD RIVER,1,0.01,5/31/1887
37-11430,37-22028,BIG WOOD RIVER,1,0.03,5/15/1892
37-11430,37-22030,BIG WOOD RIVER,1,0.06,5/31/1887
37-11430,37-22032,BIG WOOD RIVER,1,0.02,5/15/1885
37-11430,37-22034,BIG WOOD RIVER,1,0.02,6/30/1884
37-11430,37-22036,BIG WOOD RIVER,1,0.01,6/15/1891
37-11430,37-22038,BIG WOOD RIVER,1,0.01,3/24/1883
37-11430,37-22040,BIG WOOD RIVER,1,0.04,3/24/1883
37-11550,37-458A,CLEAR CREEK,1,0.08,6/1/1883
37-11911,37-11892,SILVER CREEK,1,3.3,4/1/1887
37-11911,37-11898,SILVER CREEK,1,1.54,6/1/1889
37-11911,37-11900,SILVER CREEK,1,14,4/1/1890
37-11911,37-11903,SILVER CREEK,1,2.8,6/1/1893
37-11911,37-186,SILVER CREEK,1,0.4,7/1/1886
37-11911,37-187,SILVER CREEK,1,1.6,11/1/1892
37-11911,37-189,SILVER CREEK,1,1.8,4/1/1899
37-11911,37-20609,SILVER CREEK,1,19.69,9/1/1883
37-11911,37-21,SILVER CREEK,1,5.6,9/1/1887
37-11911,37-213,SILVER CREEK,1,1.6,4/1/1885
37-11911,37-215D,SILVER CREEK,1,4,3/31/1877
37-11911,37-22,SILVER CREEK,1,1,6/17/1899
37-11911,37-2405,SILVER CREEK,1,4,2/9/1920
37-11911,37-333,SILVER CREEK,1,1.6,11/1/1889
37-11911,37-351A,SILVER CREEK,1,0.25,6/1/1886
37-11911,37-352A,SILVER CREEK,1,0.6,6/15/1887
37-11911,37-377,SILVER CREEK,1,0.8,4/1/1888
37-11911,37-378,SILVER CREEK,1,2,6/15/1888
37-11911,37-695,SILVER CREEK,1,1.2,4/1/1889
37-11911,37-942,SILVER CREEK,1,5,8/1/1917
37-11914,37-11892,SILVER CREEK,1,3.3,4/1/1887
37-11914,37-11898,SILVER CREEK,1,1.54,6/1/1889
37-11914,37-11900,SILVER CREEK,1,14,4/1/1890
37-11914,37-11903,SILVER CREEK,1,2.8,6/1/1893
37-11914,37-186,SILVER CREEK,1,0.4,7/1/1886
37-11914,37-187,SILVER CREEK,1,1.6,11/1/1892
37-11914,37-189,SILVER CREEK,1,1.8,4/1/1899
37-11914,37-20609,SILVER CREEK,1,19.69,9/1/1883
37-11914,37-21,SILVER CREEK,1,5.6,9/1/1887
37-11914,37-213,SILVER CREEK,1,1.6,4/1/1885
37-11914,37-215D,SILVER CREEK,1,4,3/31/1877
37-11914,37-22,SILVER CREEK,1,1,6/17/1899
37-11914,37-2405,SILVER CREEK,1,4,2/9/1920
37-11914,37-333,SILVER CREEK,1,1.6,11/1/1889
37-11914,37-351A,SILVER CREEK,1,0.25,6/1/1886
37-11914,37-352A,SILVER CREEK,1,0.6,6/15/1887
37-11914,37-377,SILVER CREEK,1,0.8,4/1/1888
37-11914,37-378,SILVER CREEK,1,2,6/15/1888
37-11914,37-695,SILVER CREEK,1,1.2,4/1/1889
37-11914,37-942,SILVER CREEK,1,5,8/1/1917
37-11932,37-407,SILVER CREEK,1,2,5/31/1885
37-11932,37-408,SILVER CREEK,1,1,10/25/1892
37-11932,37-693,SILVER CREEK,1,1,4/1/1890
37-12089,37-11824,BIG WOOD RIVER,1,1.22,3/24/1883
37-12089,37-11825,BIG WOOD RIVER,1,7.7,6/15/1883
37-12089,37-11826,BIG WOOD RIVER,1,2.7,6/26/1883
37-12089,37-11827,BIG WOOD RIVER,1,1.6,10/26/1886
37-13371,37-332,BIG WOOD RIVER,1,1,7/1/1887
37-14289,37-1153B,WILLOW CREEK,1,1.4,6/30/1888
37-19735,37-501E,BIG WOOD RIVER,1,4.2,5/1/1886
37-20635,37-115F,BIG WOOD RIVER,1,1,6/12/1886
37-20635,37-20641,BIG WOOD RIVER,1,0.96,7/10/1884
37-20635,37-20643,BIG WOOD RIVER,1,0.67,3/24/1883
37-20635,37-20645,BIG WOOD RIVER,1,5.4,5/17/1883
37-20635,37-20647,BIG WOOD RIVER,1,0.48,4/17/1883
37-20635,37-20649,BIG WOOD RIVER,1,4.34,6/20/1884
37-20635,37-20651,BIG WOOD RIVER,1,0.96,6/2/1890
37-20635,37-501B,BIG WOOD RIVER,1,0.4,5/1/1886
37-20635,37-501C,BIG WOOD RIVER,1,2,5/1/1886
37-20635,37-577K,BIG WOOD RIVER,1,1.38,3/24/1883
37-20635,37-590B,BIG WOOD RIVER,1,1,5/1/1886
37-20635,37-597B,BIG WOOD RIVER,1,0.7,5/1/1886
37-20637,37-115F,BIG WOOD RIVER,1,1,6/12/1886
37-20637,37-20641,BIG WOOD RIVER,1,0.96,7/10/1884
37-20637,37-20643,BIG WOOD RIVER,1,0.67,3/24/1883
37-20637,37-20645,BIG WOOD RIVER,1,5.4,5/17/1883
37-20637,37-20647,BIG WOOD RIVER,1,0.48,4/17/1883
37-20637,37-20649,BIG WOOD RIVER,1,4.34,6/20/1884
37-20637,37-20651,BIG WOOD RIVER,1,0.96,6/2/1890
37-20637,37-501B,BIG WOOD RIVER,1,0.4,5/1/1886
37-20637,37-501C,BIG WOOD RIVER,1,2,5/1/1886
37-20637,37-577K,BIG WOOD RIVER,1,1.38,3/24/1883
37-20637,37-590B,BIG WOOD RIVER,1,1,5/1/1886
37-20637,37-597B,BIG WOOD RIVER,1,0.7,5/1/1886
37-20639,37-115F,BIG WOOD RIVER,1,1,6/12/1886
37-20639,37-20641,BIG WOOD RIVER,1,0.96,7/10/1884
37-20639,37-20643,BIG WOOD RIVER,1,0.67,3/24/1883
37-20639,37-20645,BIG WOOD RIVER,1,5.4,5/17/1883
37-20639,37-20647,BIG WOOD RIVER,1,0.48,4/17/1883
37-20639,37-20649,BIG WOOD RIVER,1,4.34,6/20/1884
37-20639,37-20651,BIG WOOD RIVER,1,0.96,6/2/1890
37-20639,37-501B,BIG WOOD RIVER,1,0.4,5/1/1886
37-20639,37-501C,BIG WOOD RIVER,1,2,5/1/1886
37-20639,37-577K,BIG WOOD RIVER,1,1.38,3/24/1883
37-20639,37-590B,BIG WOOD RIVER,1,1,5/1/1886
37-20639,37-597B,BIG WOOD RIVER,1,0.7,5/1/1886
37-20743,37-21672,BIG WOOD RIVER,1,0.11,3/24/1883
37-20743,37-21681,BIG WOOD RIVER,1,0.01,7/10/1884
37-20743,37-21690,BIG WOOD RIVER,1,0.07,9/18/1885
37-20743,37-21699,BIG WOOD RIVER,1,0.01,6/12/1886
37-20743,37-21708,BIG WOOD RIVER,1,0.17,6/15/1891
37-20755,37-20760,BIG WOOD RIVER,1,0.1,3/24/1883
37-20755,37-20767,BIG WOOD RIVER,1,6.00E-03,7/10/1884
37-20755,37-20774,BIG WOOD RIVER,1,0.06,9/18/1885
37-20755,37-20781,BIG WOOD RIVER,1,6.00E-03,6/12/1886
37-20755,37-20788,BIG WOOD RIVER,1,0.15,6/15/1891
37-20756,37-20761,BIG WOOD RIVER,1,0.1,3/24/1883
37-20756,37-20768,BIG WOOD RIVER,1,6.00E-03,7/10/1884
37-20756,37-20775,BIG WOOD RIVER,1,0.06,9/18/1885
37-20756,37-20782,BIG WOOD RIVER,1,6.00E-03,6/12/1886
37-20756,37-20789,BIG WOOD RIVER,1,0.15,6/15/1891
37-20757,37-20762,BIG WOOD RIVER,1,0.1,3/24/1883
37-20757,37-20769,BIG WOOD RIVER,1,6.00E-03,7/10/1884
37-20757,37-20776,BIG WOOD RIVER,1,0.06,9/18/1885
37-20757,37-20783,BIG WOOD RIVER,1,6.00E-03,6/12/1886
37-20757,37-20790,BIG WOOD RIVER,1,0.15,6/15/1891
37-20758,37-20763,BIG WOOD RIVER,1,0.1,3/24/1883
37-20758,37-20770,BIG WOOD RIVER,1,6.00E-03,7/10/1884
37-20758,37-20777,BIG WOOD RIVER,1,0.06,9/18/1885
37-20758,37-20784,BIG WOOD RIVER,1,6.00E-03,6/12/1886
37-20758,37-20791,BIG WOOD RIVER,1,0.15,6/15/1891
37-20809,37-7882,SPRING,1,0.03,2/12/1981
37-20868,37-20871,BIG WOOD RIVER,1,0.1,3/24/1883
37-20868,37-20873,BIG WOOD RIVER,1,6.00E-03,7/10/1884
37-20868,37-20875,BIG WOOD RIVER,1,0.06,9/18/1885
37-20868,37-20877,BIG WOOD RIVER,1,6.00E-03,6/12/1886
37-20868,37-20879,BIG WOOD RIVER,1,0.15,6/15/1891
37-20902,37-19736,QUIGLEY CREEK,1,2.28,4/15/1880
37-20902,37-7693,QUIGLEY CREEK,1,5.27,12/16/1977
37-20928,37-21103,BIG WOOD RIVER,1,0.51,10/15/1884
37-20928,37-37,PHILLIPS CREEK,1,1.2,5/1/1890
37-20929,37-21104,BIG WOOD RIVER,1,0.03,10/15/1884
37-20929,37-21106,BIG WOOD RIVER,1,0.03,6/12/1886
37-21128,37-33,BIG WOOD RIVER,1,0.72,7/1/1887
37-21227,37-21229,BROADFORD SLOUGH,1,0.53,6/1/1885
37-21227,37-21233,BROADFORD SLOUGH,1,0.79,8/15/1902
37-21227,37-21235,BROADFORD SLOUGH,1,0.17,8/15/1902
37-21228,37-21230,BIG WOOD RIVER,1,0.07,6/1/1885
37-21228,37-21234,BIG WOOD RIVER,1,0.11,8/15/1902
37-21228,37-21236,BIG WOOD RIVER,1,0.03,8/15/1902
37-21268,37-20427,BIG WOOD RIVER,1,2.2,5/21/1890
37-21268,37-20429,BIG WOOD RIVER,1,2.55,5/4/1889
37-21268,37-20431,BIG WOOD RIVER,1,2.92,6/1/1886
37-21268,37-899B,BIG WOOD RIVER,1,1.14,4/1/1940
37-21348,37-19736,QUIGLEY CREEK,1,2.28,4/15/1880
37-21348,37-7693,QUIGLEY CREEK,1,5.27,12/16/1977
37-21349,37-19736,QUIGLEY CREEK,1,2.28,4/15/1880
37-21349,37-7693,QUIGLEY CREEK,1,5.27,12/16/1977
37-21463,37-22155,BIG WOOD RIVER,1,1.86,4/1/1922
37-21489,37-458B,CLEAR CREEK,1,0.46,6/1/1883
37-21500,37-21502,BIG WOOD RIVER,1,0.05,10/15/1884
37-21504,37-21516,BIG WOOD RIVER,1,0.08,3/24/1883
37-21504,37-21527,BIG WOOD RIVER,1,5.00E-03,7/10/1884
37-21504,37-21538,BIG WOOD RIVER,1,0.05,9/18/1885
37-21504,37-21549,BIG WOOD RIVER,1,5.00E-03,6/12/1886
37-21504,37-21560,BIG WOOD RIVER,1,0.13,6/15/1891
37-21505,37-21517,BIG WOOD RIVER,1,0.08,3/24/1883
37-21505,37-21528,BIG WOOD RIVER,1,5.00E-03,7/10/1884
37-21505,37-21539,BIG WOOD RIVER,1,0.05,9/18/1885
37-21505,37-21550,BIG WOOD RIVER,1,5.00E-03,6/12/1886
37-21505,37-21561,BIG WOOD RIVER,1,0.13,6/15/1891
37-21506,37-21518,BIG WOOD RIVER,1,0.08,3/24/1883
37-21506,37-21529,BIG WOOD RIVER,1,5.00E-03,7/10/1884
37-21506,37-21540,BIG WOOD RIVER,1,0.05,9/18/1885
37-21506,37-21551,BIG WOOD RIVER,1,5.00E-03,6/12/1886
37-21506,37-21562,BIG WOOD RIVER,1,0.13,6/15/1891
37-21507,37-21519,BIG WOOD RIVER,1,0.08,3/24/1883
37-21507,37-21530,BIG WOOD RIVER,1,5.00E-03,7/10/1884
37-21507,37-21541,BIG WOOD RIVER,1,0.05,9/18/1885
37-21507,37-21552,BIG WOOD RIVER,1,5.00E-03,6/12/1886
37-21507,37-21563,BIG WOOD RIVER,1,0.13,6/15/1891
37-21508,37-21520,BIG WOOD RIVER,1,0.08,3/24/1883
37-21508,37-21531,BIG WOOD RIVER,1,5.00E-03,7/10/1884
37-21508,37-21542,BIG WOOD RIVER,1,0.05,9/18/1885
37-21508,37-21553,BIG WOOD RIVER,1,5.00E-03,6/12/1886
37-21508,37-21564,BIG WOOD RIVER,1,0.13,6/15/1891
37-21509,37-21521,BIG WOOD RIVER,1,0.13,3/24/1883
37-21509,37-21532,BIG WOOD RIVER,1,8.00E-03,7/10/1884
37-21509,37-21543,BIG WOOD RIVER,1,0.08,9/18/1885
37-21509,37-21554,BIG WOOD RIVER,1,8.00E-03,6/12/1886
37-21509,37-21565,BIG WOOD RIVER,1,0.2,6/15/1891
37-21510,37-21522,BIG WOOD RIVER,1,0.13,3/24/1883
37-21510,37-21533,BIG WOOD RIVER,1,8.00E-03,7/10/1884
37-21510,37-21544,BIG WOOD RIVER,1,0.08,9/18/1885
37-21510,37-21555,BIG WOOD RIVER,1,8.00E-03,6/12/1886
37-21510,37-21566,BIG WOOD RIVER,1,0.2,6/15/1891
37-21511,37-21515,BIG WOOD RIVER,1,0.08,3/24/1883
37-21511,37-21526,BIG WOOD RIVER,1,5.00E-03,7/10/1884
37-21511,37-21537,BIG WOOD RIVER,1,0.05,9/18/1885
37-21511,37-21548,BIG WOOD RIVER,1,5.00E-03,6/12/1886
37-21511,37-21559,BIG WOOD RIVER,1,0.13,6/15/1891
37-21664,37-21670,BIG WOOD RIVER,1,0.08,3/24/1883
37-21664,37-21679,BIG WOOD RIVER,1,5.00E-03,7/10/1884
37-21664,37-21688,BIG WOOD RIVER,1,0.05,9/18/1885
37-21664,37-21697,BIG WOOD RIVER,1,5.00E-03,6/12/1886
37-21664,37-21706,BIG WOOD RIVER,1,0.13,6/15/1891
37-21665,37-21672,BIG WOOD RIVER,1,0.11,3/24/1883
37-21665,37-21681,BIG WOOD RIVER,1,0.01,7/10/1884
37-21665,37-21690,BIG WOOD RIVER,1,0.07,9/18/1885
37-21665,37-21699,BIG WOOD RIVER,1,0.01,6/12/1886
37-21665,37-21708,BIG WOOD RIVER,1,0.17,6/15/1891
37-21666,37-21674,BIG WOOD RIVER,1,0.08,3/24/1883
37-21666,37-21683,BIG WOOD RIVER,1,5.00E-03,7/10/1884
37-21666,37-21692,BIG WOOD RIVER,1,0.05,9/18/1885
37-21666,37-21701,BIG WOOD RIVER,1,5.00E-03,6/12/1886
37-21666,37-21710,BIG WOOD RIVER,1,0.13,6/15/1891
37-21667,37-21675,BIG WOOD RIVER,1,0.08,3/24/1883
37-21667,37-21684,BIG WOOD RIVER,1,5.00E-03,7/10/1884
37-21667,37-21693,BIG WOOD RIVER,1,0.05,9/18/1885
37-21667,37-21702,BIG WOOD RIVER,1,5.00E-03,6/12/1886
37-21667,37-21711,BIG WOOD RIVER,1,0.13,6/15/1891
37-21668,37-21677,BIG WOOD RIVER,1,0.08,3/24/1883
37-21668,37-21686,BIG WOOD RIVER,1,5.00E-03,7/10/1884
37-21668,37-21695,BIG WOOD RIVER,1,0.05,9/18/1885
37-21668,37-21704,BIG WOOD RIVER,1,5.00E-03,6/12/1886
37-21668,37-21713,BIG WOOD RIVER,1,0.13,6/15/1891
37-21807,37-111,BIG WOOD RIVER,1,0.06,4/17/1883
37-21807,37-112,BIG WOOD RIVER,1,0.64,6/20/1884
37-21807,37-116,BIG WOOD RIVER,1,0.14,6/2/1890
37-21807,37-21805,BIG WOOD RIVER,1,3.12,6/20/1884
37-21807,37-234B,BIG WOOD RIVER,1,2,6/15/1884
37-21807,37-475,BIG WOOD RIVER,1,0.44,4/17/1883
37-21807,37-477,BIG WOOD RIVER,1,0.86,6/2/1890
37-21807,37-577V,BIG WOOD RIVER,1,2.8,3/24/1883
37-21808,37-21806,BIG WOOD RIVER,1,0.74,6/20/1884
37-21841,37-21848,BIG WOOD RIVER,1,0.08,3/24/1883
37-21841,37-21865,BIG WOOD RIVER,1,5.00E-03,7/10/1884
37-21841,37-21882,BIG WOOD RIVER,1,0.05,9/18/1885
37-21841,37-21899,BIG WOOD RIVER,1,5.00E-03,6/12/1886
37-21841,37-21916,BIG WOOD RIVER,1,0.13,6/15/1891
37-21842,37-21849,BIG WOOD RIVER,1,0.08,3/24/1883
37-21842,37-21866,BIG WOOD RIVER,1,5.00E-03,7/10/1884
37-21842,37-21883,BIG WOOD RIVER,1,0.05,9/18/1885
37-21842,37-21900,BIG WOOD RIVER,1,5.00E-03,6/12/1886
37-21842,37-21917,BIG WOOD RIVER,1,0.13,6/15/1891
37-21843,37-21853,BIG WOOD RIVER,1,0.09,3/24/1883
37-21843,37-21870,BIG WOOD RIVER,1,5.00E-03,7/10/1884
37-21843,37-21887,BIG WOOD RIVER,1,0.05,9/18/1885
37-21843,37-21904,BIG WOOD RIVER,1,5.00E-03,6/12/1886
37-21843,37-21921,BIG WOOD RIVER,1,0.13,6/15/1891
37-21844,37-21861,BIG WOOD RIVER,1,0.09,3/24/1883
37-21844,37-21878,BIG WOOD RIVER,1,5.00E-03,7/10/1884
37-21844,37-21895,BIG WOOD RIVER,1,0.05,9/18/1885
37-21844,37-21912,BIG WOOD RIVER,1,5.00E-03,6/12/1886
37-21844,37-21929,BIG WOOD RIVER,1,0.14,6/15/1891
37-21845,37-21862,BIG WOOD RIVER,1,0.13,3/24/1883
37-21845,37-21879,BIG WOOD RIVER,1,8.00E-03,7/10/1884
37-21845,37-21896,BIG WOOD RIVER,1,0.08,9/18/1885
37-21845,37-21913,BIG WOOD RIVER,1,8.00E-03,6/12/1886
37-21845,37-21930,BIG WOOD RIVER,1,0.2,6/15/1891
37-21974,37-637,LOVING CREEK,1,3.8,4/1/1885
37-21974,37-443,LOVING CREEK,1,4,6/15/1888
37-21974,37-666F,BIG WOOD RIVER,1,3.42,6/12/1886
37-21974,37-353D,BIG WOOD RIVER,1,3.6,6/12/1886
37-21974,37-713B,BIG WOOD RIVER,1,3,6/10/1880
37-21974,37-11671,BIG WOOD RIVER,1,1.38,3/24/1883
37-21974,37-418D,BIG WOOD RIVER,1,1.75,6/23/1888
37-21974,37-419D,BIG WOOD RIVER,1,0.92,8/2/1889
37-21974,37-480B,BIG WOOD RIVER,1,3.5,6/15/1891
37-21974,37-667K,BIG WOOD RIVER,1,8.16,6/15/1891
37-21974,37-665H,BIG WOOD RIVER,1,8.16,10/15/1884
37-21977,37-21860,BIG WOOD RIVER,1,0.2,3/24/1883
37-21977,37-21877,BIG WOOD RIVER,1,0.01,7/10/1884
37-21977,37-21894,BIG WOOD RIVER,1,0.12,9/18/1885
37-21977,37-21911,BIG WOOD RIVER,1,0.01,6/12/1886
37-21977,37-21928,BIG WOOD RIVER,1,0.3,6/15/1891
37-22013,37-480C,BIG WOOD RIVER,1,0.58,6/15/1891
37-22016,37-468,BIG WOOD RIVER,1,0.5,4/17/1883
37-22016,37-469,BIG WOOD RIVER,1,4.5,6/20/1884
37-22016,37-470,BIG WOOD RIVER,1,1,6/2/1890
37-22016,37-893A,BIG WOOD RIVER,1,1.69,9/1/1920
37-22050,37-1187,CRYSTAL CREEK,1,1.59,5/1/1884
37-22050,37-1207,BLACK SLOUGH,1,4.66,6/1/1881
37-22050,37-139,CRYSTAL CREEK,1,2.62,6/1/1883
37-22050,37-180,BLACK SLOUGH,1,4.6,6/1/1881
37-22050,37-181,BLACK SLOUGH,1,3.06,5/15/1883
37-22050,37-19831,WILLOW CREEK,1,1.02,3/24/1883
37-22050,37-230,BIG WOOD RIVER,1,3.61,5/15/1883
37-22050,37-231A,BLACK SLOUGH,1,1.89,5/15/1883
37-22050,37-231B,BIG WOOD RIVER,1,0.36,5/15/1883
37-22050,37-232,BIG WOOD RIVER,1,1.44,5/15/1884
37-22050,37-233,BLACK SLOUGH,1,1.51,5/15/1888
37-22050,37-310A,WILLOW CREEK,1,0.34,3/24/1883
37-22050,37-60,BIG WOOD RIVER,1,2.53,7/1/1880
37-22050,37-61,BIG WOOD RIVER,1,7.59,7/1/1880
37-22050,37-62,BIG WOOD RIVER,1,2.53,7/1/1881
37-22050,37-63A,BIG WOOD RIVER,1,1.81,7/31/1881
37-22050,37-64A,BIG WOOD RIVER,1,5.06,5/1/1883
37-22050,37-66A,BIG WOOD RIVER,1,3.79,12/19/1882
37-22050,37-67B,BIG WOOD RIVER,1,2.98,6/26/1883
37-22050,37-68A,BIG WOOD RIVER,1,1.44,6/26/1883
37-22050,37-69B,BIG WOOD RIVER,1,2.79,10/26/1886
37-22050,37-70,BIG WOOD RIVER,1,1.86,5/15/1887
37-22050,37-71B,BIG WOOD RIVER,1,0.46,5/1/1892
37-22051,37-1187,CRYSTAL CREEK,1,1.59,5/1/1884
37-22051,37-1207,BLACK SLOUGH,1,4.66,6/1/1881
37-22051,37-139,CRYSTAL CREEK,1,2.62,6/1/1883
37-22051,37-180,BLACK SLOUGH,1,4.6,6/1/1881
37-22051,37-181,BLACK SLOUGH,1,3.06,5/15/1883
37-22051,37-19831,WILLOW CREEK,1,1.02,3/24/1883
37-22051,37-230,BIG WOOD RIVER,1,3.61,5/15/1883
37-22051,37-231A,BLACK SLOUGH,1,1.89,5/15/1883
37-22051,37-231B,BIG WOOD RIVER,1,0.36,5/15/1883
37-22051,37-232,BIG WOOD RIVER,1,1.44,5/15/1884
37-22051,37-233,BLACK SLOUGH,1,1.51,5/15/1888
37-22051,37-310A,WILLOW CREEK,1,0.34,3/24/1883
37-22051,37-60,BIG WOOD RIVER,1,2.53,7/1/1880
37-22051,37-61,BIG WOOD RIVER,1,7.59,7/1/1880
37-22051,37-62,BIG WOOD RIVER,1,2.53,7/1/1881
37-22051,37-63A,BIG WOOD RIVER,1,1.81,7/31/1881
37-22051,37-64A,BIG WOOD RIVER,1,5.06,5/1/1883
37-22051,37-66A,BIG WOOD RIVER,1,3.79,12/19/1882
37-22051,37-67B,BIG WOOD RIVER,1,2.98,6/26/1883
37-22051,37-68A,BIG WOOD RIVER,1,1.44,6/26/1883
37-22051,37-69B,BIG WOOD RIVER,1,2.79,10/26/1886
37-22051,37-70,BIG WOOD RIVER,1,1.86,5/15/1887
37-22051,37-71B,BIG WOOD RIVER,1,0.46,5/1/1892
37-22052,37-1187,CRYSTAL CREEK,1,1.59,5/1/1884
37-22052,37-1207,BLACK SLOUGH,1,4.66,6/1/1881
37-22052,37-139,CRYSTAL CREEK,1,2.62,6/1/1883
37-22052,37-180,BLACK SLOUGH,1,4.6,6/1/1881
37-22052,37-181,BLACK SLOUGH,1,3.06,5/15/1883
37-22052,37-19831,WILLOW CREEK,1,1.02,3/24/1883
37-22052,37-230,BIG WOOD RIVER,1,3.61,5/15/1883
37-22052,37-231A,BLACK SLOUGH,1,1.89,5/15/1883
37-22052,37-231B,BIG WOOD RIVER,1,0.36,5/15/1883
37-22052,37-232,BIG WOOD RIVER,1,1.44,5/15/1884
37-22052,37-233,BLACK SLOUGH,1,1.51,5/15/1888
37-22052,37-310A,WILLOW CREEK,1,0.34,3/24/1883
37-22052,37-60,BIG WOOD RIVER,1,2.53,7/1/1880
37-22052,37-61,BIG WOOD RIVER,1,7.59,7/1/1880
37-22052,37-62,BIG WOOD RIVER,1,2.53,7/1/1881
37-22052,37-63A,BIG WOOD RIVER,1,1.81,7/31/1881
37-22052,37-64A,BIG WOOD RIVER,1,5.06,5/1/1883
37-22052,37-66A,BIG WOOD RIVER,1,3.79,12/19/1882
37-22052,37-67B,BIG WOOD RIVER,1,2.98,6/26/1883
37-22052,37-68A,BIG WOOD RIVER,1,1.44,6/26/1883
37-22052,37-69B,BIG WOOD RIVER,1,2.79,10/26/1886
37-22052,37-70,BIG WOOD RIVER,1,1.86,5/15/1887
37-22052,37-71B,BIG WOOD RIVER,1,0.46,5/1/1892
37-22243,37-22211,BIG WOOD RIVER,1,0.15,6/1/1885
37-22244,37-22212,BIG WOOD RIVER,1,0.15,6/1/1885
37-22250,37-1222,DEMOCRAT GULCH CREEK,1,0.4,6/9/1911
37-22250,37-2142,HOT SPRINGS GULCH,1,1.5,6/24/1909
37-22250,37-4138,HAILEY HOT SPRINGS,1,0.15,12/31/1948
37-22250,37-548,DEMOCRAT GULCH CREEK,1,3.6,6/1/1880
37-22250,37-549,CROY CREEK,1,3.11,6/30/1882
37-22251,37-1222,DEMOCRAT GULCH CREEK,1,0.4,6/9/1911
37-22251,37-2142,HOT SPRINGS GULCH,1,1.5,6/24/1909
37-22251,37-4138,HAILEY HOT SPRINGS,1,0.15,12/31/1948
37-22251,37-548,DEMOCRAT GULCH CREEK,1,3.6,6/1/1880
37-22251,37-549,CROY CREEK,1,3.11,6/30/1882
37-22360,37-22358,BIG WOOD RIVER,1,1.62,6/12/1886
37-22360,37-22362,BIG WOOD RIVER,1,0.35,6/15/1891
37-22360,37-22364,BIG WOOD RIVER,1,0.56,10/15/1884
37-22361,37-22359,BIG WOOD RIVER,1,0.03,6/12/1886
37-22361,37-22363,BIG WOOD RIVER,1,0.01,6/15/1891
37-22361,37-22365,BIG WOOD RIVER,1,0.01,10/15/1884
37-22389,37-22391,LOVING CREEK,1,0.28,6/1/1889
37-22389,37-22393,LOVING CREEK,1,0.43,5/15/1890
37-22390,37-22392,LOVING CREEK,1,0.03,6/1/1889
37-22390,37-22394,LOVING CREEK,1,0.04,5/15/1890
37-22459,37-1187,CRYSTAL CREEK,1,1.59,5/1/1884
37-22459,37-1207,BLACK SLOUGH,1,4.66,6/1/1881
37-22459,37-139,CRYSTAL CREEK,1,2.62,6/1/1883
37-22459,37-180,BLACK SLOUGH,1,4.6,6/1/1881
37-22459,37-181,BLACK SLOUGH,1,3.06,5/15/1883
37-22459,37-19831,WILLOW CREEK,1,1.02,3/24/1883
37-22459,37-230,BIG WOOD RIVER,1,3.61,5/15/1883
37-22459,37-231A,BLACK SLOUGH,1,1.89,5/15/1883
37-22459,37-231B,BIG WOOD RIVER,1,0.36,5/15/1883
37-22459,37-232,BIG WOOD RIVER,1,1.44,5/15/1884
37-22459,37-233,BLACK SLOUGH,1,1.51,5/15/1888
37-22459,37-310A,WILLOW CREEK,1,0.34,3/24/1883
37-22459,37-60,BIG WOOD RIVER,1,2.53,7/1/1880
37-22459,37-61,BIG WOOD RIVER,1,7.59,7/1/1880
37-22459,37-62,BIG WOOD RIVER,1,2.53,7/1/1881
37-22459,37-63A,BIG WOOD RIVER,1,1.81,7/31/1881
37-22459,37-64A,BIG WOOD RIVER,1,5.06,5/1/1883
37-22459,37-66A,BIG WOOD RIVER,1,3.79,12/19/1882
37-22459,37-67B,BIG WOOD RIVER,1,2.98,6/26/1883
37-22459,37-68A,BIG WOOD RIVER,1,1.44,6/26/1883
37-22459,37-69B,BIG WOOD RIVER,1,2.79,10/26/1886
37-22459,37-70,BIG WOOD RIVER,1,1.86,5/15/1887
37-22459,37-71B,BIG WOOD RIVER,1,0.46,5/1/1892
37-22498,37-20427,BIG WOOD RIVER,1,2.2,5/21/1890
37-22498,37-20429,BIG WOOD RIVER,1,2.55,5/4/1889
37-22498,37-20431,BIG WOOD RIVER,1,2.92,6/1/1886
37-22498,37-899B,BIG WOOD RIVER,1,1.14,4/1/1940
37-22499,37-20843,BIG WOOD RIVER,1,0.18,6/1/1886
37-22499,37-21240,BIG WOOD RIVER,1,0.14,5/4/1889
37-22499,37-21242,BIG WOOD RIVER,1,0.17,5/21/1890
37-22533,37-1187,CRYSTAL CREEK,1,1.59,5/1/1884
37-22533,37-1207,BLACK SLOUGH,1,4.66,6/1/1881
37-22533,37-139,CRYSTAL CREEK,1,2.62,6/1/1883
37-22533,37-180,BLACK SLOUGH,1,4.6,6/1/1881
37-22533,37-181,BLACK SLOUGH,1,3.06,5/15/1883
37-22533,37-19831,WILLOW CREEK,1,1.02,3/24/1883
37-22533,37-230,BIG WOOD RIVER,1,3.61,5/15/1883
37-22533,37-231A,BLACK SLOUGH,1,1.89,5/15/1883
37-22533,37-231B,BIG WOOD RIVER,1,0.36,5/15/1883
37-22533,37-232,BIG WOOD RIVER,1,1.44,5/15/1884
37-22533,37-233,BLACK SLOUGH,1,1.51,5/15/1888
37-22533,37-310A,WILLOW CREEK,1,0.34,3/24/1883
37-22533,37-60,BIG WOOD RIVER,1,2.53,7/1/1880
37-22533,37-61,BIG WOOD RIVER,1,7.59,7/1/1880
37-22533,37-62,BIG WOOD RIVER,1,2.53,7/1/1881
37-22533,37-63A,BIG WOOD RIVER,1,1.81,7/31/1881
37-22533,37-64A,BIG WOOD RIVER,1,5.06,5/1/1883
37-22533,37-66A,BIG WOOD RIVER,1,3.79,12/19/1882
37-22533,37-67B,BIG WOOD RIVER,1,2.98,6/26/1883
37-22533,37-68A,BIG WOOD RIVER,1,1.44,6/26/1883
37-22533,37-69B,BIG WOOD RIVER,1,2.79,10/26/1886
37-22533,37-70,BIG WOOD RIVER,1,1.86,5/15/1887
37-22533,37-71B,BIG WOOD RIVER,1,0.46,5/1/1892
37-22546,37-577A,BIG WOOD RIVER,1,0.35,3/24/1883
37-22547,37-577A,BIG WOOD RIVER,1,0.35,3/24/1883
37-22560,37-22550,SILVER CREEK,1,0.01,6/1/1889
37-22560,37-22552,SILVER CREEK,1,0.02,5/15/1890
37-22560,37-22554,SILVER CREEK,1,0.06,4/1/1890
37-22560,37-22556,SILVER CREEK,1,0.05,6/15/1887
37-22560,37-22558,SILVER CREEK,1,0.01,7/8/1884
37-22562,37-22550,SILVER CREEK,1,0.01,6/1/1889
37-22562,37-22552,SILVER CREEK,1,0.02,5/15/1890
37-22562,37-22554,SILVER CREEK,1,0.06,4/1/1890
37-22562,37-22556,SILVER CREEK,1,0.05,6/15/1887
37-22562,37-22558,SILVER CREEK,1,0.01,7/8/1884
37-22564,37-22550,SILVER CREEK,1,0.01,6/1/1889
37-22564,37-22552,SILVER CREEK,1,0.02,5/15/1890
37-22564,37-22554,SILVER CREEK,1,0.06,4/1/1890
37-22564,37-22556,SILVER CREEK,1,0.05,6/15/1887
37-22564,37-22558,SILVER CREEK,1,0.01,7/8/1884
37-22566,37-22550,SILVER CREEK,1,0.01,6/1/1889
37-22566,37-22552,SILVER CREEK,1,0.02,5/15/1890
37-22566,37-22554,SILVER CREEK,1,0.06,4/1/1890
37-22566,37-22556,SILVER CREEK,1,0.05,6/15/1887
37-22566,37-22558,SILVER CREEK,1,0.01,7/8/1884
37-22572,37-22550,SILVER CREEK,1,0.01,6/1/1889
37-22572,37-22552,SILVER CREEK,1,0.02,5/15/1890
37-22572,37-22554,SILVER CREEK,1,0.06,4/1/1890
37-22572,37-22556,SILVER CREEK,1,0.05,6/15/1887
37-22572,37-22558,SILVER CREEK,1,0.01,7/8/1884
37-22586,37-22583,SILVER CREEK,1,2.4,3/31/1877
37-22586,37-22584,SILVER CREEK,1,0.8,11/1/1889
37-22586,37-22585,SILVER CREEK,1,1.2,5/31/1890
37-22587,37-22588,LOVING CREEK,1,0.07,6/1/1889
37-22587,37-22589,LOVING CREEK,1,0.1,5/15/1890
37-22692,37-22686,BIG WOOD RIVER,1,0.02,6/12/1886
37-22692,37-22698,BIG WOOD RIVER,1,0,6/15/1891
37-22692,37-22704,BIG WOOD RIVER,1,0.01,10/15/1884
37-22693,37-22687,BIG WOOD RIVER,1,0.02,6/12/1886
37-22693,37-22699,BIG WOOD RIVER,1,0,6/15/1891
37-22693,37-22705,BIG WOOD RIVER,1,0.01,10/15/1884
37-22694,37-22688,BIG WOOD RIVER,1,0.02,6/12/1886
37-22694,37-22700,BIG WOOD RIVER,1,0,6/15/1891
37-22694,37-22706,BIG WOOD RIVER,1,0.06,10/15/1884
37-22696,37-22690,BIG WOOD RIVER,1,0.02,6/12/1886
37-22696,37-22702,BIG WOOD RIVER,1,0.01,6/15/1891
37-22696,37-22708,BIG WOOD RIVER,1,0.01,10/15/1884
37-22697,37-22691,BIG WOOD RIVER,1,0.04,6/12/1886
37-22697,37-22703,BIG WOOD RIVER,1,0,6/15/1891
37-22697,37-22709,BIG WOOD RIVER,1,0.02,10/15/1884
37-22737,37-22721,BIG WOOD RIVER,1,0.13,5/1/1902
37-22737,37-22723,BIG WOOD RIVER,1,0.04,6/23/1888
37-22737,37-22725,BIG WOOD RIVER,1,0.02,8/2/1889
37-22737,37-22727,BIG WOOD RIVER,1,0.02,5/1/1886
37-22737,37-22729,BIG WOOD RIVER,1,0.01,7/10/1884
37-22737,37-22731,BIG WOOD RIVER,1,0.03,10/15/1884
37-22737,37-22733,BIG WOOD RIVER,1,0.04,6/12/1886
37-22737,37-22735,BIG WOOD RIVER,1,0.09,6/15/1891
37-22737,37-481C,BIG WOOD RIVER,1,3.01,8/1/1882
37-22737,37-482H,BIG WOOD RIVER,1,3.01,8/1/1884
37-22737,37-483C,BIG WOOD RIVER,1,15.08,8/1/1902
37-22738,37-115G,BIG WOOD RIVER,1,8.8,6/12/1886
37-22738,37-158D,BIG WOOD RIVER,1,1,7/1/1881
37-22738,37-22720,BIG WOOD RIVER,1,5.87,5/1/1902
37-22738,37-22722,BIG WOOD RIVER,1,0.84,6/23/1888
37-22738,37-22724,BIG WOOD RIVER,1,0.44,8/2/1889
37-22738,37-22726,BIG WOOD RIVER,1,0.78,5/1/1886
37-22738,37-22728,BIG WOOD RIVER,1,0.39,7/10/1884
37-22738,37-22730,BIG WOOD RIVER,1,2.37,10/15/1884
37-22738,37-22732,BIG WOOD RIVER,1,3.16,6/12/1886
37-22738,37-22734,BIG WOOD RIVER,1,7.11,6/15/1891
37-22738,37-597A,BIG WOOD RIVER,1,1.6,5/1/1886
37-22738,37-666H,BIG WOOD RIVER,1,0.79,6/12/1886
37-22738,37-667M,BIG WOOD RIVER,1,1.59,6/15/1891
37-22738,37-886D,BIG WOOD RIVER,1,0.12,6/1/1884
37-22739,37-22721,BIG WOOD RIVER,1,0.13,5/1/1902
37-22739,37-22723,BIG WOOD RIVER,1,0.04,6/23/1888
37-22739,37-22725,BIG WOOD RIVER,1,0.02,8/2/1889
37-22739,37-22727,BIG WOOD RIVER,1,0.02,5/1/1886
37-22739,37-22729,BIG WOOD RIVER,1,0.01,7/10/1884
37-22739,37-22731,BIG WOOD RIVER,1,0.03,10/15/1884
37-22739,37-22733,BIG WOOD RIVER,1,0.04,6/12/1886
37-22739,37-22735,BIG WOOD RIVER,1,0.09,6/15/1891
37-22739,37-481C,BIG WOOD RIVER,1,3.01,8/1/1882
37-22739,37-482H,BIG WOOD RIVER,1,3.01,8/1/1884
37-22739,37-483C,BIG WOOD RIVER,1,15.08,8/1/1902
37-22740,37-115G,BIG WOOD RIVER,1,8.8,6/12/1886
37-22740,37-158D,BIG WOOD RIVER,1,1,7/1/1881
37-22740,37-22720,BIG WOOD RIVER,1,5.87,5/1/1902
37-22740,37-22722,BIG WOOD RIVER,1,0.84,6/23/1888
37-22740,37-22724,BIG WOOD RIVER,1,0.44,8/2/1889
37-22740,37-22726,BIG WOOD RIVER,1,0.78,5/1/1886
37-22740,37-22728,BIG WOOD RIVER,1,0.39,7/10/1884
37-22740,37-22730,BIG WOOD RIVER,1,2.37,10/15/1884
37-22740,37-22732,BIG WOOD RIVER,1,3.16,6/12/1886
37-22740,37-22734,BIG WOOD RIVER,1,7.11,6/15/1891
37-22740,37-597A,BIG WOOD RIVER,1,1.6,5/1/1886
37-22740,37-666H,BIG WOOD RIVER,1,0.79,6/12/1886
37-22740,37-667M,BIG WOOD RIVER,1,1.59,6/15/1891
37-22740,37-886D,BIG WOOD RIVER,1,0.12,6/1/1884
37-22741,37-22721,BIG WOOD RIVER,1,0.13,5/1/1902
37-22741,37-22723,BIG WOOD RIVER,1,0.04,6/23/1888
37-22741,37-22725,BIG WOOD RIVER,1,0.02,8/2/1889
37-22741,37-22727,BIG WOOD RIVER,1,0.02,5/1/1886
37-22741,37-22729,BIG WOOD RIVER,1,0.01,7/10/1884
37-22741,37-22731,BIG WOOD RIVER,1,0.03,10/15/1884
37-22741,37-22733,BIG WOOD RIVER,1,0.04,6/12/1886
37-22741,37-22735,BIG WOOD RIVER,1,0.09,6/15/1891
37-22741,37-481C,BIG WOOD RIVER,1,3.01,8/1/1882
37-22741,37-482H,BIG WOOD RIVER,1,3.01,8/1/1884
37-22741,37-483C,BIG WOOD RIVER,1,15.08,8/1/1902
37-22749,37-22747,BIG WOOD RIVER,1,0.36,5/15/1882
37-22749,37-22748,BIG WOOD RIVER,1,1.45,5/31/1887
37-22749,37-22750,BIG WOOD RIVER,1,0.41,9/1/1920
37-2444,37-12018,SILVER CREEK,1,0.54,4/15/1983
37-2444,37-2188,SILVER CREEK,1,2.24,10/15/1911
37-2444,37-464,SILVER CREEK,1,2,6/1/1886
37-2473A,37-2473K,DIP CREEK,1,0.12,6/24/1946
37-2473B,37-2473K,DIP CREEK,1,0.12,6/24/1946
37-2473C,37-2473K,DIP CREEK,1,0.12,6/24/1946
37-2473D,37-2473K,DIP CREEK,1,0.12,6/24/1946
37-2473E,37-2473K,DIP CREEK,1,0.12,6/24/1946
37-2473F,37-2473K,DIP CREEK,1,0.12,6/24/1946
37-2473G,37-2473K,DIP CREEK,1,0.12,6/24/1946
37-2473H,37-2473K,DIP CREEK,1,0.12,6/24/1946
37-2473J,37-2473K,DIP CREEK,1,0.12,6/24/1946
37-2492,37-1187,CRYSTAL CREEK,1,1.59,5/1/1884
37-2492,37-1207,BLACK SLOUGH,1,4.66,6/1/1881
37-2492,37-139,CRYSTAL CREEK,1,2.62,6/1/1883
37-2492,37-180,BLACK SLOUGH,1,4.6,6/1/1881
37-2492,37-181,BLACK SLOUGH,1,3.06,5/15/1883
37-2492,37-19831,WILLOW CREEK,1,1.02,3/24/1883
37-2492,37-230,BIG WOOD RIVER,1,3.61,5/15/1883
37-2492,37-231A,BLACK SLOUGH,1,1.89,5/15/1883
37-2492,37-231B,BIG WOOD RIVER,1,0.36,5/15/1883
37-2492,37-232,BIG WOOD RIVER,1,1.44,5/15/1884
37-2492,37-233,BLACK SLOUGH,1,1.51,5/15/1888
37-2492,37-310A,WILLOW CREEK,1,0.34,3/24/1883
37-2492,37-60,BIG WOOD RIVER,1,2.53,7/1/1880
37-2492,37-61,BIG WOOD RIVER,1,7.59,7/1/1880
37-2492,37-62,BIG WOOD RIVER,1,2.53,7/1/1881
37-2492,37-63A,BIG WOOD RIVER,1,1.81,7/31/1881
37-2492,37-64A,BIG WOOD RIVER,1,5.06,5/1/1883
37-2492,37-66A,BIG WOOD RIVER,1,3.79,12/19/1882
37-2492,37-67B,BIG WOOD RIVER,1,2.98,6/26/1883
37-2492,37-68A,BIG WOOD RIVER,1,1.44,6/26/1883
37-2492,37-69B,BIG WOOD RIVER,1,2.79,10/26/1886
37-2492,37-70,BIG WOOD RIVER,1,1.86,5/15/1887
37-2492,37-71B,BIG WOOD RIVER,1,0.46,5/1/1892
37-2493,37-11821,BIG WOOD RIVER,1,3,5/15/1882
37-2493,37-11822,BIG WOOD RIVER,1,1.4,8/1/1884
37-2493,37-11823,BIG WOOD RIVER,1,1,5/15/1895
37-2496,37-11543,BIG WOOD RIVER,1,1.6,10/15/1884
37-2502,37-115F,BIG WOOD RIVER,1,1,6/12/1886
37-2502,37-20641,BIG WOOD RIVER,1,0.96,7/10/1884
37-2502,37-20643,BIG WOOD RIVER,1,0.67,3/24/1883
37-2502,37-20645,BIG WOOD RIVER,1,5.4,5/17/1883
37-2502,37-20647,BIG WOOD RIVER,1,0.48,4/17/1883
37-2502,37-20649,BIG WOOD RIVER,1,4.34,6/20/1884
37-2502,37-20651,BIG WOOD RIVER,1,0.96,6/2/1890
37-2502,37-501B,BIG WOOD RIVER,1,0.4,5/1/1886
37-2502,37-501C,BIG WOOD RIVER,1,2,5/1/1886
37-2502,37-577K,BIG WOOD RIVER,1,1.38,3/24/1883
37-2502,37-590B,BIG WOOD RIVER,1,1,5/1/1886
37-2502,37-597B,BIG WOOD RIVER,1,0.7,5/1/1886
37-2505,37-2386,UNNAMED STREAM,1,0.4,5/27/1919
37-2538,37-1187,CRYSTAL CREEK,1,1.59,5/1/1884
37-2538,37-1207,BLACK SLOUGH,1,4.66,6/1/1881
37-2538,37-139,CRYSTAL CREEK,1,2.62,6/1/1883
37-2538,37-180,BLACK SLOUGH,1,4.6,6/1/1881
37-2538,37-181,BLACK SLOUGH,1,3.06,5/15/1883
37-2538,37-19831,WILLOW CREEK,1,1.02,3/24/1883
37-2538,37-230,BIG WOOD RIVER,1,3.61,5/15/1883
37-2538,37-231A,BLACK SLOUGH,1,1.89,5/15/1883
37-2538,37-231B,BIG WOOD RIVER,1,0.36,5/15/1883
37-2538,37-232,BIG WOOD RIVER,1,1.44,5/15/1884
37-2538,37-233,BLACK SLOUGH,1,1.51,5/15/1888
37-2538,37-310A,WILLOW CREEK,1,0.34,3/24/1883
37-2538,37-60,BIG WOOD RIVER,1,2.53,7/1/1880
37-2538,37-61,BIG WOOD RIVER,1,7.59,7/1/1880
37-2538,37-62,BIG WOOD RIVER,1,2.53,7/1/1881
37-2538,37-63A,BIG WOOD RIVER,1,1.81,7/31/1881
37-2538,37-64A,BIG WOOD RIVER,1,5.06,5/1/1883
37-2538,37-66A,BIG WOOD RIVER,1,3.79,12/19/1882
37-2538,37-67B,BIG WOOD RIVER,1,2.98,6/26/1883
37-2538,37-68A,BIG WOOD RIVER,1,1.44,6/26/1883
37-2538,37-69B,BIG WOOD RIVER,1,2.79,10/26/1886
37-2538,37-70,BIG WOOD RIVER,1,1.86,5/15/1887
37-2538,37-71B,BIG WOOD RIVER,1,0.46,5/1/1892
37-2553A,37-252,LOVING CREEK,1,2.5,6/1/1887
37-2553A,37-2553B,DRAINAGE DITCH,1,1.9,6/28/1954
37-2553A,37-2575,UNNAMED DRAIN,1,2,7/13/1955
37-2553A,37-712,LOVING CREEK,1,1.3,6/1/1887
37-2554,37-468,BIG WOOD RIVER,1,0.5,4/17/1883
37-2554,37-469,BIG WOOD RIVER,1,4.5,6/20/1884
37-2554,37-470,BIG WOOD RIVER,1,1,6/2/1890
37-2554,37-893A,BIG WOOD RIVER,1,1.69,9/1/1920
37-2556A,37-1206,BIG WOOD RIVER,1,30,4/1/1921
37-2556A,37-891B,BIG WOOD RIVER,1,6,7/24/1924
37-2557B,37-21859,BIG WOOD RIVER,1,0.08,3/24/1883
37-2557B,37-21876,BIG WOOD RIVER,1,5.00E-03,7/10/1884
37-2557B,37-21893,BIG WOOD RIVER,1,0.05,9/18/1885
37-2557B,37-21910,BIG WOOD RIVER,1,5.00E-03,6/12/1886
37-2557B,37-21927,BIG WOOD RIVER,1,0.13,6/15/1891
37-2557D,37-21673,BIG WOOD RIVER,1,0.08,3/24/1883
37-2557D,37-21682,BIG WOOD RIVER,1,5.00E-03,7/10/1884
37-2557D,37-21691,BIG WOOD RIVER,1,0.05,9/18/1885
37-2557D,37-21700,BIG WOOD RIVER,1,5.00E-03,6/12/1886
37-2557D,37-21709,BIG WOOD RIVER,1,0.13,6/15/1891
37-2557F,37-21671,BIG WOOD RIVER,1,0.08,3/24/1883
37-2557F,37-21680,BIG WOOD RIVER,1,5.00E-03,7/10/1884
37-2557F,37-21689,BIG WOOD RIVER,1,0.05,9/18/1885
37-2557F,37-21698,BIG WOOD RIVER,1,5.00E-03,6/12/1886
37-2557F,37-21707,BIG WOOD RIVER,1,0.13,6/15/1891
37-2557H,37-21514,BIG WOOD RIVER,1,0.15,3/24/1883
37-2557H,37-21525,BIG WOOD RIVER,1,0.01,7/10/1884
37-2557H,37-21536,BIG WOOD RIVER,1,0.1,9/18/1885
37-2557H,37-21547,BIG WOOD RIVER,1,0.01,6/12/1886
37-2557H,37-21558,BIG WOOD RIVER,1,0.26,6/15/1891
37-2557K,37-20765,BIG WOOD RIVER,1,0.1,3/24/1883
37-2557K,37-20772,BIG WOOD RIVER,1,6.00E-03,7/10/1884
37-2557K,37-20779,BIG WOOD RIVER,1,0.06,9/18/1885
37-2557K,37-20786,BIG WOOD RIVER,1,6.00E-03,6/12/1886
37-2557K,37-20793,BIG WOOD RIVER,1,0.15,6/15/1891
37-2557M,37-21860,BIG WOOD RIVER,1,0.2,3/24/1883
37-2557M,37-21877,BIG WOOD RIVER,1,0.01,7/10/1884
37-2557M,37-21894,BIG WOOD RIVER,1,0.12,9/18/1885
37-2557M,37-21911,BIG WOOD RIVER,1,0.01,6/12/1886
37-2557M,37-21928,BIG WOOD RIVER,1,0.3,6/15/1891
37-2557P,37-21854,BIG WOOD RIVER,1,0.16,3/24/1883
37-2557P,37-21871,BIG WOOD RIVER,1,0.01,7/10/1884
37-2557P,37-21888,BIG WOOD RIVER,1,0.1,9/18/1885
37-2557P,37-21905,BIG WOOD RIVER,1,0.01,6/12/1886
37-2557P,37-21922,BIG WOOD RIVER,1,0.25,6/15/1891
37-2557R,37-21858,BIG WOOD RIVER,1,0.08,3/24/1883
37-2557R,37-21875,BIG WOOD RIVER,1,5.00E-03,7/10/1884
37-2557R,37-21892,BIG WOOD RIVER,1,0.05,9/18/1885
37-2557R,37-21909,BIG WOOD RIVER,1,5.00E-03,6/12/1886
37-2557R,37-21926,BIG WOOD RIVER,1,0.13,6/15/1891
37-2557T,37-21847,BIG WOOD RIVER,1,0.08,3/24/1883
37-2557T,37-21864,BIG WOOD RIVER,1,5.00E-03,7/10/1884
37-2557T,37-21881,BIG WOOD RIVER,1,0.05,9/18/1885
37-2557T,37-21898,BIG WOOD RIVER,1,5.00E-03,6/12/1886
37-2557T,37-21915,BIG WOOD RIVER,1,0.13,6/15/1891
37-2557V,37-21513,BIG WOOD RIVER,1,0.16,3/24/1883
37-2557V,37-21524,BIG WOOD RIVER,1,0.01,7/10/1884
37-2557V,37-21535,BIG WOOD RIVER,1,0.1,9/18/1885
37-2557V,37-21546,BIG WOOD RIVER,1,0.01,6/12/1886
37-2557V,37-21557,BIG WOOD RIVER,1,0.26,6/15/1891
37-2557X,37-20764,BIG WOOD RIVER,1,0.09,3/24/1883
37-2557X,37-20771,BIG WOOD RIVER,1,5.00E-03,7/10/1884
37-2557X,37-20778,BIG WOOD RIVER,1,0.04,9/18/1885
37-2557X,37-20785,BIG WOOD RIVER,1,5.00E-03,6/12/1886
37-2557X,37-20792,BIG WOOD RIVER,1,0.12,6/15/1891
37-2557Y,37-11924B,BIG WOOD RIVER,1,0.76,3/24/1884
37-2557Y,37-11925B,BIG WOOD RIVER,1,0.04,7/10/1884
37-2557Y,37-11926B,BIG WOOD RIVER,1,0.45,9/18/1885
37-2557Y,37-11927B,BIG WOOD RIVER,1,0.04,6/12/1886
37-2557Y,37-11928B,BIG WOOD RIVER,1,1.15,6/15/1891
37-2557Y,37-11924B,BIG WOOD RIVER,1,0.76,3/24/1883
37-2557Y,37-11925B,BIG WOOD RIVER,1,0.04,7/10/1884
37-2557Y,37-11926B,BIG WOOD RIVER,1,0.45,9/18/1885
37-2557Y,37-11927B,BIG WOOD RIVER,1,0.04,6/12/1886
37-2557Y,37-11928B,BIG WOOD RIVER,1,1.15,6/15/1891
37-2561,37-115D,BIG WOOD RIVER,1,1.9,6/12/1886
37-2561,37-590A,BIG WOOD RIVER,1,3.8,5/1/1886
37-2566A,37-1082E,LOVING CREEK,1,0.01,7/8/1884
37-2566A,37-137C,LOVING CREEK,1,0.01,6/1/1889
37-2566A,37-138C,LOVING CREEK,1,0.02,5/15/1890
37-2566A,37-207C,LOVING CREEK,1,0.06,4/1/1890
37-2566A,37-448D,LOVING CREEK,1,0.05,6/15/1887
37-2567B,37-480D,BIG WOOD RIVER,1,2.46,6/15/1891
37-2568,37-115F,BIG WOOD RIVER,1,1,6/12/1886
37-2568,37-20641,BIG WOOD RIVER,1,0.96,7/10/1884
37-2568,37-20643,BIG WOOD RIVER,1,0.67,3/24/1883
37-2568,37-20645,BIG WOOD RIVER,1,5.4,5/17/1883
37-2568,37-20647,BIG WOOD RIVER,1,0.48,4/17/1883
37-2568,37-20649,BIG WOOD RIVER,1,4.34,6/20/1884
37-2568,37-20651,BIG WOOD RIVER,1,0.96,6/2/1890
37-2568,37-501B,BIG WOOD RIVER,1,0.4,5/1/1886
37-2568,37-501C,BIG WOOD RIVER,1,2,5/1/1886
37-2568,37-577K,BIG WOOD RIVER,1,1.38,3/24/1883
37-2568,37-590B,BIG WOOD RIVER,1,1,5/1/1886
37-2568,37-597B,BIG WOOD RIVER,1,0.7,5/1/1886
37-2573,37-407,SILVER CREEK,1,2,5/31/1885
37-2573,37-408,SILVER CREEK,1,1,10/25/1892
37-2573,37-693,SILVER CREEK,1,1,4/1/1890
37-2576,37-118,BUHLER DRAIN,1,8,7/1/1904
37-2581,37-115F,BIG WOOD RIVER,1,1,6/12/1886
37-2581,37-20641,BIG WOOD RIVER,1,0.96,7/10/1884
37-2581,37-20643,BIG WOOD RIVER,1,0.67,3/24/1883
37-2581,37-20645,BIG WOOD RIVER,1,5.4,5/17/1883
37-2581,37-20647,BIG WOOD RIVER,1,0.48,4/17/1883
37-2581,37-20649,BIG WOOD RIVER,1,4.34,6/20/1884
37-2581,37-20651,BIG WOOD RIVER,1,0.96,6/2/1890
37-2581,37-501B,BIG WOOD RIVER,1,0.4,5/1/1886
37-2581,37-501C,BIG WOOD RIVER,1,2,5/1/1886
37-2581,37-577K,BIG WOOD RIVER,1,1.38,3/24/1883
37-2581,37-590B,BIG WOOD RIVER,1,1,5/1/1886
37-2581,37-597B,BIG WOOD RIVER,1,0.7,5/1/1886
37-2582,37-11773,BIG WOOD RIVER,1,0.09,4/17/1883
37-2582,37-11774,BIG WOOD RIVER,1,0.82,6/20/1884
37-2582,37-11776,BIG WOOD RIVER,1,0.5,6/30/1884
37-2582,37-11777,BIG WOOD RIVER,1,0.18,6/2/1890
37-2582,37-11778,BIG WOOD RIVER,1,2.4,10/1/1890
37-2582,37-11779,BIG WOOD RIVER,1,2.38,6/1/1901
37-2594A,37-1082E,LOVING CREEK,1,0.01,7/8/1884
37-2594A,37-137C,LOVING CREEK,1,0.01,6/1/1889
37-2594A,37-138C,LOVING CREEK,1,0.02,5/15/1890
37-2594A,37-207C,LOVING CREEK,1,0.06,4/1/1890
37-2594A,37-448D,LOVING CREEK,1,0.05,6/15/1887
37-2597,37-1187,CRYSTAL CREEK,1,1.59,5/1/1884
37-2597,37-1207,BLACK SLOUGH,1,4.66,6/1/1881
37-2597,37-139,CRYSTAL CREEK,1,2.62,6/1/1883
37-2597,37-180,BLACK SLOUGH,1,4.6,6/1/1881
37-2597,37-181,BLACK SLOUGH,1,3.06,5/15/1883
37-2597,37-19831,WILLOW CREEK,1,1.02,3/24/1883
37-2597,37-230,BIG WOOD RIVER,1,3.61,5/15/1883
37-2597,37-231A,BLACK SLOUGH,1,1.89,5/15/1883
37-2597,37-231B,BIG WOOD RIVER,1,0.36,5/15/1883
37-2597,37-232,BIG WOOD RIVER,1,1.44,5/15/1884
37-2597,37-233,BLACK SLOUGH,1,1.51,5/15/1888
37-2597,37-310A,WILLOW CREEK,1,0.34,3/24/1883
37-2597,37-60,BIG WOOD RIVER,1,2.53,7/1/1880
37-2597,37-61,BIG WOOD RIVER,1,7.59,7/1/1880
37-2597,37-62,BIG WOOD RIVER,1,2.53,7/1/1881
37-2597,37-63A,BIG WOOD RIVER,1,1.81,7/31/1881
37-2597,37-64A,BIG WOOD RIVER,1,5.06,5/1/1883
37-2597,37-66A,BIG WOOD RIVER,1,3.79,12/19/1882
37-2597,37-67B,BIG WOOD RIVER,1,2.98,6/26/1883
37-2597,37-68A,BIG WOOD RIVER,1,1.44,6/26/1883
37-2597,37-69B,BIG WOOD RIVER,1,2.79,10/26/1886
37-2597,37-70,BIG WOOD RIVER,1,1.86,5/15/1887
37-2597,37-71B,BIG WOOD RIVER,1,0.46,5/1/1892
37-2599,37-115F,BIG WOOD RIVER,1,1,6/12/1886
37-2599,37-20641,BIG WOOD RIVER,1,0.96,7/10/1884
37-2599,37-20643,BIG WOOD RIVER,1,0.67,3/24/1883
37-2599,37-20645,BIG WOOD RIVER,1,5.4,5/17/1883
37-2599,37-20647,BIG WOOD RIVER,1,0.48,4/17/1883
37-2599,37-20649,BIG WOOD RIVER,1,4.34,6/20/1884
37-2599,37-20651,BIG WOOD RIVER,1,0.96,6/2/1890
37-2599,37-501B,BIG WOOD RIVER,1,0.4,5/1/1886
37-2599,37-501C,BIG WOOD RIVER,1,2,5/1/1886
37-2599,37-577K,BIG WOOD RIVER,1,1.38,3/24/1883
37-2599,37-590B,BIG WOOD RIVER,1,1,5/1/1886
37-2599,37-597B,BIG WOOD RIVER,1,0.7,5/1/1886
37-2600,37-2641A,CAIN CREEK,1,4.07,9/27/1960
37-2600,37-2641B,CAIN CREEK,1,0.93,9/27/1960
37-2600,37-2662A,CAIN CREEK,1,2.1,5/24/1961
37-2600,37-2662B,CAIN CREEK,1,1.32,5/24/1961
37-2600,37-4289A,CAIN CREEK,1,0.16,6/1/1961
37-2600,37-4289B,CAIN CREEK,1,0.08,6/1/1961
37-2604,37-115F,BIG WOOD RIVER,1,1,6/12/1886
37-2604,37-20641,BIG WOOD RIVER,1,0.96,7/10/1884
37-2604,37-20643,BIG WOOD RIVER,1,0.67,3/24/1883
37-2604,37-20645,BIG WOOD RIVER,1,5.4,5/17/1883
37-2604,37-20647,BIG WOOD RIVER,1,0.48,4/17/1883
37-2604,37-20649,BIG WOOD RIVER,1,4.34,6/20/1884
37-2604,37-20651,BIG WOOD RIVER,1,0.96,6/2/1890
37-2604,37-501B,BIG WOOD RIVER,1,0.4,5/1/1886
37-2604,37-501C,BIG WOOD RIVER,1,2,5/1/1886
37-2604,37-577K,BIG WOOD RIVER,1,1.38,3/24/1883
37-2604,37-590B,BIG WOOD RIVER,1,1,5/1/1886
37-2604,37-597B,BIG WOOD RIVER,1,0.7,5/1/1886
37-2608,37-2607,UNNAMED DRAIN,1,0.12,10/8/1958
37-2612A,37-1082E,LOVING CREEK,1,0.01,7/8/1884
37-2612A,37-137C,LOVING CREEK,1,0.01,6/1/1889
37-2612A,37-138C,LOVING CREEK,1,0.02,5/15/1890
37-2612A,37-207C,LOVING CREEK,1,0.06,4/1/1890
37-2612A,37-448D,LOVING CREEK,1,0.05,6/15/1887
37-2614,37-1153B,WILLOW CREEK,1,1.4,6/30/1888
37-2615,37-426E,LOVING CREEK,1,0.21,4/1/1887
37-2615,37-632G,LOVING CREEK,1,0.25,6/3/1897
37-2615,37-706E,LOVING CREEK,1,0.23,3/15/1883
37-2615,37-95G,LOVING CREEK,1,0.21,5/29/1893
37-2616,37-115F,BIG WOOD RIVER,1,1,6/12/1886
37-2616,37-20641,BIG WOOD RIVER,1,0.96,7/10/1884
37-2616,37-20643,BIG WOOD RIVER,1,0.67,3/24/1883
37-2616,37-20645,BIG WOOD RIVER,1,5.4,5/17/1883
37-2616,37-20647,BIG WOOD RIVER,1,0.48,4/17/1883
37-2616,37-20649,BIG WOOD RIVER,1,4.34,6/20/1884
37-2616,37-20651,BIG WOOD RIVER,1,0.96,6/2/1890
37-2616,37-501B,BIG WOOD RIVER,1,0.4,5/1/1886
37-2616,37-501C,BIG WOOD RIVER,1,2,5/1/1886
37-2616,37-577K,BIG WOOD RIVER,1,1.38,3/24/1883
37-2616,37-590B,BIG WOOD RIVER,1,1,5/1/1886
37-2616,37-597B,BIG WOOD RIVER,1,0.7,5/1/1886
37-2623,37-494,BIG WOOD RIVER,1,1.85,5/1/1886
37-2623,37-495,BIG WOOD RIVER,1,2.59,7/1/1892
37-2623,37-577V,BIG WOOD RIVER,1,2.8,3/24/1883
37-2623,37-833K,BIG WOOD RIVER,1,0.69,11/12/1936
37-2625A,37-22155,BIG WOOD RIVER,1,1.86,4/1/1922
37-2627A,37-11892,SILVER CREEK,1,3.3,4/1/1887
37-2627A,37-11898,SILVER CREEK,1,1.54,6/1/1889
37-2627A,37-11900,SILVER CREEK,1,14,4/1/1890
37-2627A,37-11903,SILVER CREEK,1,2.8,6/1/1893
37-2627A,37-186,SILVER CREEK,1,0.4,7/1/1886
37-2627A,37-187,SILVER CREEK,1,1.6,11/1/1892
37-2627A,37-189,SILVER CREEK,1,1.8,4/1/1899
37-2627A,37-20609,SILVER CREEK,1,19.69,9/1/1883
37-2627A,37-21,SILVER CREEK,1,5.6,9/1/1887
37-2627A,37-213,SILVER CREEK,1,1.6,4/1/1885
37-2627A,37-215D,SILVER CREEK,1,4,3/31/1877
37-2627A,37-22,SILVER CREEK,1,1,6/17/1899
37-2627A,37-2405,SILVER CREEK,1,4,2/9/1920
37-2627A,37-333,SILVER CREEK,1,1.6,11/1/1889
37-2627A,37-351A,SILVER CREEK,1,0.25,6/1/1886
37-2627A,37-352A,SILVER CREEK,1,0.6,6/15/1887
37-2627A,37-377,SILVER CREEK,1,0.8,4/1/1888
37-2627A,37-378,SILVER CREEK,1,2,6/15/1888
37-2627A,37-695,SILVER CREEK,1,1.2,4/1/1889
37-2627A,37-942,SILVER CREEK,1,5,8/1/1917
37-2627C,37-14260A,BIG WOOD RIVER,1,0.08,3/24/1883
37-2627C,37-153A,GREENHORN CREEK,1,4.74,9/1/1885
37-2627C,37-154C,BIG WOOD RIVER,1,2.85,12/13/1887
37-2627C,37-20749,BIG WOOD RIVER,1,0.02,3/24/1883
37-2629,37-11754,WASTE WATER,1,3,5/1/1952
37-2629,37-21998,LOVING CREEK,1,0.66,6/15/1887
37-2630,37-22721,BIG WOOD RIVER,1,0.13,5/1/1902
37-2630,37-22723,BIG WOOD RIVER,1,0.04,6/23/1888
37-2630,37-22725,BIG WOOD RIVER,1,0.02,8/2/1889
37-2630,37-22727,BIG WOOD RIVER,1,0.02,5/1/1886
37-2630,37-22729,BIG WOOD RIVER,1,0.01,7/10/1884
37-2630,37-22731,BIG WOOD RIVER,1,0.03,10/15/1884
37-2630,37-22733,BIG WOOD RIVER,1,0.04,6/12/1886
37-2630,37-22735,BIG WOOD RIVER,1,0.09,6/15/1891
37-2630,37-481C,BIG WOOD RIVER,1,3.01,8/1/1882
37-2630,37-482H,BIG WOOD RIVER,1,3.01,8/1/1884
37-2630,37-483C,BIG WOOD RIVER,1,15.08,8/1/1902
37-2631,37-501E,BIG WOOD RIVER,1,4.2,5/1/1886
37-2632,37-14260A,BIG WOOD RIVER,1,0.08,3/24/1883
37-2632,37-153A,GREENHORN CREEK,1,4.74,9/1/1885
37-2632,37-154C,BIG WOOD RIVER,1,2.85,12/13/1887
37-2632,37-20749,BIG WOOD RIVER,1,0.02,3/24/1883
37-2638,37-22155,BIG WOOD RIVER,1,1.86,4/1/1922
37-2639B,37-21616,BIG WOOD RIVER,1,0.16,7/1/1887
37-2639D,37-332,BIG WOOD RIVER,1,1,7/1/1887
37-2639F,37-22053,BIG WOOD RIVER,1,0.46,7/1/1887
37-2639H,37-20803,BIG WOOD RIVER,1,0.12,7/1/1887
37-2641A,37-2600,CAIN CREEK,1,0.72,12/27/1957
37-2641A,37-2641B,CAIN CREEK,1,0.93,9/27/1960
37-2641A,37-2662A,CAIN CREEK,1,2.1,5/24/1961
37-2641A,37-2662B,CAIN CREEK,1,1.32,5/24/1961
37-2641A,37-4289A,CAIN CREEK,1,0.16,6/1/1961
37-2641A,37-4289B,CAIN CREEK,1,0.08,6/1/1961
37-2641B,37-2600,CAIN CREEK,1,0.72,12/27/1957
37-2641B,37-2641A,CAIN CREEK,1,4.07,9/27/1960
37-2641B,37-2662A,CAIN CREEK,1,2.1,5/24/1961
37-2641B,37-2662B,CAIN CREEK,1,1.32,5/24/1961
37-2641B,37-4289A,CAIN CREEK,1,0.16,6/1/1961
37-2641B,37-4289B,CAIN CREEK,1,0.08,6/1/1961
37-2642,37-11614,UNNAMED STREAM,1,0.58,4/15/1962
37-2642,37-2598,UNNAMED DRAIN,1,2.28,9/27/1957
37-2642,37-2643,UNNAMED STREAM,1,3.4,9/27/1960
37-2642,37-2661,UNNAMED STREAM,1,2.32,5/24/1961
37-2642,37-7633,UNNAMED STREAM,1,4.06,6/20/1977
37-2643,37-11614,UNNAMED STREAM,1,0.58,4/15/1962
37-2643,37-2598,UNNAMED DRAIN,1,2.28,9/27/1957
37-2643,37-2642,UNNAMED STREAM,1,3,9/27/1960
37-2643,37-2661,UNNAMED STREAM,1,2.32,5/24/1961
37-2643,37-7633,UNNAMED STREAM,1,4.06,6/20/1977
37-2644B,37-153D,GREENHORN CREEK,1,0.33,9/1/1885
37-2644D,37-153C,GREENHORN CREEK,1,0.15,9/1/1885
37-2656,37-115G,BIG WOOD RIVER,1,8.8,6/12/1886
37-2656,37-158D,BIG WOOD RIVER,1,1,7/1/1881
37-2656,37-22720,BIG WOOD RIVER,1,5.87,5/1/1902
37-2656,37-22722,BIG WOOD RIVER,1,0.84,6/23/1888
37-2656,37-22724,BIG WOOD RIVER,1,0.44,8/2/1889
37-2656,37-22726,BIG WOOD RIVER,1,0.78,5/1/1886
37-2656,37-22728,BIG WOOD RIVER,1,0.39,7/10/1884
37-2656,37-22730,BIG WOOD RIVER,1,2.37,10/15/1884
37-2656,37-22732,BIG WOOD RIVER,1,3.16,6/12/1886
37-2656,37-22734,BIG WOOD RIVER,1,7.11,6/15/1891
37-2656,37-597A,BIG WOOD RIVER,1,1.6,5/1/1886
37-2656,37-666H,BIG WOOD RIVER,1,0.79,6/12/1886
37-2656,37-667M,BIG WOOD RIVER,1,1.59,6/15/1891
37-2656,37-886D,BIG WOOD RIVER,1,0.12,6/1/1884
37-2658,37-20570,BIG WOOD RIVER,1,6.49,3/24/1883
37-2658,37-20571,BIG WOOD RIVER,1,0.77,3/24/1883
37-2658,37-20574,BIG WOOD RIVER,1,2.21,5/15/1885
37-2658,37-20577,BIG WOOD RIVER,1,9.6,5/31/1887
37-2658,37-20578,BIG WOOD RIVER,1,1.11,5/31/1887
37-2658,37-20581,BIG WOOD RIVER,1,0.55,6/15/1891
37-2658,37-20584,BIG WOOD RIVER,1,3.32,5/15/1892
37-2658,37-20593,BIG WOOD RIVER,1,3.36,6/30/1884
37-2658,37-22026,BIG WOOD RIVER,1,0.01,5/31/1887
37-2658,37-22028,BIG WOOD RIVER,1,0.03,5/15/1892
37-2658,37-22030,BIG WOOD RIVER,1,0.06,5/31/1887
37-2658,37-22032,BIG WOOD RIVER,1,0.02,5/15/1885
37-2658,37-22034,BIG WOOD RIVER,1,0.02,6/30/1884
37-2658,37-22036,BIG WOOD RIVER,1,0.01,6/15/1891
37-2658,37-22038,BIG WOOD RIVER,1,0.01,3/24/1883
37-2658,37-22040,BIG WOOD RIVER,1,0.04,3/24/1883
37-2661,37-11614,UNNAMED STREAM,1,0.58,4/15/1962
37-2661,37-2598,UNNAMED DRAIN,1,2.28,9/27/1957
37-2661,37-2642,UNNAMED STREAM,1,3,9/27/1960
37-2661,37-2643,UNNAMED STREAM,1,3.4,9/27/1960
37-2661,37-7633,UNNAMED STREAM,1,4.06,6/20/1977
37-2662A,37-2600,CAIN CREEK,1,0.72,12/27/1957
37-2662A,37-2641A,CAIN CREEK,1,4.07,9/27/1960
37-2662A,37-2641B,CAIN CREEK,1,0.93,9/27/1960
37-2662A,37-2662B,CAIN CREEK,1,1.32,5/24/1961
37-2662A,37-4289A,CAIN CREEK,1,0.16,6/1/1961
37-2662A,37-4289B,CAIN CREEK,1,0.08,6/1/1961
37-2662B,37-2600,CAIN CREEK,1,0.72,12/27/1957
37-2662B,37-2641A,CAIN CREEK,1,4.07,9/27/1960
37-2662B,37-2641B,CAIN CREEK,1,0.93,9/27/1960
37-2662B,37-2662A,CAIN CREEK,1,2.1,5/24/1961
37-2662B,37-4289A,CAIN CREEK,1,0.16,6/1/1961
37-2662B,37-4289B,CAIN CREEK,1,0.08,6/1/1961
37-2664A,37-501E,BIG WOOD RIVER,1,4.2,5/1/1886
37-2668,37-501E,BIG WOOD RIVER,1,4.2,5/1/1886
37-2681,37-118,BUHLER DRAIN,1,8,7/1/1904
37-2682,37-884,BIG WOOD RIVER,1,3.2,5/14/1913
37-2683A,37-22550,SILVER CREEK,1,0.01,6/1/1889
37-2683A,37-22552,SILVER CREEK,1,0.02,5/15/1890
37-2683A,37-22554,SILVER CREEK,1,0.06,4/1/1890
37-2683A,37-22556,SILVER CREEK,1,0.05,6/15/1887
37-2683A,37-22558,SILVER CREEK,1,0.01,7/8/1884
37-2684,37-11671,BIG WOOD RIVER,1,1.38,3/24/1883
37-2684,37-2345A,BIG WOOD RIVER,1,4.8,2/12/1917
37-2684,37-353D,BIG WOOD RIVER,1,3.6,6/12/1886
37-2684,37-418D,BIG WOOD RIVER,1,1.75,6/23/1888
37-2684,37-419D,BIG WOOD RIVER,1,0.92,8/2/1889
37-2684,37-443,LOVING CREEK,1,4,6/15/1888
37-2684,37-480B,BIG WOOD RIVER,1,3.5,6/15/1891
37-2684,37-637,LOVING CREEK,1,3.8,4/1/1885
37-2684,37-665H,BIG WOOD RIVER,1,8.16,10/15/1884
37-2684,37-666F,BIG WOOD RIVER,1,3.42,6/12/1886
37-2684,37-667K,BIG WOOD RIVER,1,8.16,6/15/1891
37-2684,37-713B,BIG WOOD RIVER,1,3,6/10/1880
37-2685,37-2607,UNNAMED DRAIN,1,0.12,10/8/1958
37-2686D,37-252,LOVING CREEK,1,2.5,6/1/1887
37-2686D,37-2553B,DRAINAGE DITCH,1,1.9,6/28/1954
37-2686D,37-2575,UNNAMED DRAIN,1,2,7/13/1955
37-2686D,37-712,LOVING CREEK,1,1.3,6/1/1887
37-2700,37-22155,BIG WOOD RIVER,1,1.86,4/1/1922
37-2713,37-11975,BIG WOOD RIVER,1,3.2,6/15/1891
37-2713,37-11976,BIG WOOD RIVER,1,0.7,6/1/1884
37-2713,37-11977,BIG WOOD RIVER,1,0.8,6/15/1891
37-2713,37-11978,BIG WOOD RIVER,1,3.5,3/24/1883
37-2713,37-481D,BIG WOOD RIVER,1,3,8/1/1882
37-2713,37-482J,BIG WOOD RIVER,1,3,8/1/1884
37-2713,37-483D,BIG WOOD RIVER,1,3,8/1/1902
37-2713,37-917,BIG WOOD RIVER,1,2.54,4/1/1940
37-2732,37-11566,BIG WOOD RIVER,1,0.55,3/24/1883
37-2732,37-11567,BIG WOOD RIVER,1,0.48,10/15/1884
37-2732,37-11568,BIG WOOD RIVER,1,0.48,6/12/1886
37-2732,37-11569,BIG WOOD RIVER,1,1,6/15/1891
37-2764,37-1187,CRYSTAL CREEK,1,1.59,5/1/1884
37-2764,37-1207,BLACK SLOUGH,1,4.66,6/1/1881
37-2764,37-139,CRYSTAL CREEK,1,2.62,6/1/1883
37-2764,37-180,BLACK SLOUGH,1,4.6,6/1/1881
37-2764,37-181,BLACK SLOUGH,1,3.06,5/15/1883
37-2764,37-19831,WILLOW CREEK,1,1.02,3/24/1883
37-2764,37-230,BIG WOOD RIVER,1,3.61,5/15/1883
37-2764,37-231A,BLACK SLOUGH,1,1.89,5/15/1883
37-2764,37-231B,BIG WOOD RIVER,1,0.36,5/15/1883
37-2764,37-232,BIG WOOD RIVER,1,1.44,5/15/1884
37-2764,37-233,BLACK SLOUGH,1,1.51,5/15/1888
37-2764,37-310A,WILLOW CREEK,1,0.34,3/24/1883
37-2764,37-60,BIG WOOD RIVER,1,2.53,7/1/1880
37-2764,37-61,BIG WOOD RIVER,1,7.59,7/1/1880
37-2764,37-62,BIG WOOD RIVER,1,2.53,7/1/1881
37-2764,37-63A,BIG WOOD RIVER,1,1.81,7/31/1881
37-2764,37-64A,BIG WOOD RIVER,1,5.06,5/1/1883
37-2764,37-66A,BIG WOOD RIVER,1,3.79,12/19/1882
37-2764,37-67B,BIG WOOD RIVER,1,2.98,6/26/1883
37-2764,37-68A,BIG WOOD RIVER,1,1.44,6/26/1883
37-2764,37-69B,BIG WOOD RIVER,1,2.79,10/26/1886
37-2764,37-70,BIG WOOD RIVER,1,1.86,5/15/1887
37-2764,37-71B,BIG WOOD RIVER,1,0.46,5/1/1892
37-4109,37-1206,BIG WOOD RIVER,1,30,4/1/1921
37-4109,37-891B,BIG WOOD RIVER,1,6,7/24/1924
37-4114,37-468,BIG WOOD RIVER,1,0.5,4/17/1883
37-4114,37-469,BIG WOOD RIVER,1,4.5,6/20/1884
37-4114,37-470,BIG WOOD RIVER,1,1,6/2/1890
37-4114,37-893A,BIG WOOD RIVER,1,1.69,9/1/1920
37-4289A,37-2600,CAIN CREEK,1,0.72,12/27/1957
37-4289A,37-2641A,CAIN CREEK,1,4.07,9/27/1960
37-4289A,37-2641B,CAIN CREEK,1,0.93,9/27/1960
37-4289A,37-2662A,CAIN CREEK,1,2.1,5/24/1961
37-4289A,37-2662B,CAIN CREEK,1,1.32,5/24/1961
37-4289A,37-4289B,CAIN CREEK,1,0.08,6/1/1961
37-4289B,37-2600,CAIN CREEK,1,0.72,12/27/1957
37-4289B,37-2641A,CAIN CREEK,1,4.07,9/27/1960
37-4289B,37-2641B,CAIN CREEK,1,0.93,9/27/1960
37-4289B,37-2662A,CAIN CREEK,1,2.1,5/24/1961
37-4289B,37-2662B,CAIN CREEK,1,1.32,5/24/1961
37-4289B,37-4289A,CAIN CREEK,1,0.16,6/1/1961
37-4421B,37-20570,BIG WOOD RIVER,1,6.49,3/24/1883
37-4421B,37-20571,BIG WOOD RIVER,1,0.77,3/24/1883
37-4421B,37-20574,BIG WOOD RIVER,1,2.21,5/15/1885
37-4421B,37-20577,BIG WOOD RIVER,1,9.6,5/31/1887
37-4421B,37-20578,BIG WOOD RIVER,1,1.11,5/31/1887
37-4421B,37-20581,BIG WOOD RIVER,1,0.55,6/15/1891
37-4421B,37-20584,BIG WOOD RIVER,1,3.32,5/15/1892
37-4421B,37-20593,BIG WOOD RIVER,1,3.36,6/30/1884
37-4421B,37-22026,BIG WOOD RIVER,1,0.01,5/31/1887
37-4421B,37-22028,BIG WOOD RIVER,1,0.03,5/15/1892
37-4421B,37-22030,BIG WOOD RIVER,1,0.06,5/31/1887
37-4421B,37-22032,BIG WOOD RIVER,1,0.02,5/15/1885
37-4421B,37-22034,BIG WOOD RIVER,1,0.02,6/30/1884
37-4421B,37-22036,BIG WOOD RIVER,1,0.01,6/15/1891
37-4421B,37-22038,BIG WOOD RIVER,1,0.01,3/24/1883
37-4421B,37-22040,BIG WOOD RIVER,1,0.04,3/24/1883
37-4433,37-115B,BIG WOOD RIVER,1,3.2,6/12/1886
37-4433,37-667C,BIG WOOD RIVER,1,3.2,6/15/1891
37-4433,37-881,BIG WOOD RIVER,1,3.6,5/1/1901
37-4440,37-1222,DEMOCRAT GULCH CREEK,1,0.4,6/9/1911
37-4440,37-2142,HOT SPRINGS GULCH,1,1.5,6/24/1909
37-4440,37-4138,HAILEY HOT SPRINGS,1,0.15,12/31/1948
37-4440,37-548,DEMOCRAT GULCH CREEK,1,3.6,6/1/1880
37-4440,37-549,CROY CREEK,1,3.11,6/30/1882
37-578F,37-686D,BIG WOOD RIVER,1,0.15,6/1/1886
37-686D,37-578F,BIG WOOD RIVER,1,0.1,5/2/1884
37-7002,37-11824,BIG WOOD RIVER,1,1.22,3/24/1883
37-7002,37-11825,BIG WOOD RIVER,1,7.7,6/15/1883
37-7002,37-11826,BIG WOOD RIVER,1,2.7,6/26/1883
37-7002,37-11827,BIG WOOD RIVER,1,1.6,10/26/1886
37-7014,37-407,SILVER CREEK,1,2,5/31/1885
37-7014,37-408,SILVER CREEK,1,1,10/25/1892
37-7014,37-693,SILVER CREEK,1,1,4/1/1890
37-7210,37-11816,BIG WOOD RIVER,1,0.2,3/24/1883
37-7210,37-11817,BIG WOOD RIVER,1,0.08,4/17/1883
37-7210,37-11818,BIG WOOD RIVER,1,0.68,6/20/1884
37-7210,37-11819,BIG WOOD RIVER,1,0.15,6/2/1890
37-7210,37-11820,BIG WOOD RIVER,1,1.97,6/1/1901
37-7239A,37-1082E,LOVING CREEK,1,0.01,7/8/1884
37-7239A,37-137C,LOVING CREEK,1,0.01,6/1/1889
37-7239A,37-138C,LOVING CREEK,1,0.02,5/15/1890
37-7239A,37-207C,LOVING CREEK,1,0.06,4/1/1890
37-7239A,37-448D,LOVING CREEK,1,0.05,6/15/1887
37-7243,37-577Y,BIG WOOD RIVER,1,0.46,3/24/1883
37-7284,37-2607,UNNAMED DRAIN,1,0.12,10/8/1958
37-7309,37-11824,BIG WOOD RIVER,1,1.22,3/24/1883
37-7309,37-11825,BIG WOOD RIVER,1,7.7,6/15/1883
37-7309,37-11826,BIG WOOD RIVER,1,2.7,6/26/1883
37-7309,37-11827,BIG WOOD RIVER,1,1.6,10/26/1886
37-7312C,37-537B,BIG WOOD RIVER,1,0.38,5/15/1882
37-7312C,37-538B,BIG WOOD RIVER,1,3.49,5/15/1891
37-7356,37-11975,BIG WOOD RIVER,1,3.2,6/15/1891
37-7356,37-11976,BIG WOOD RIVER,1,0.7,6/1/1884
37-7356,37-11977,BIG WOOD RIVER,1,0.8,6/15/1891
37-7356,37-11978,BIG WOOD RIVER,1,3.5,3/24/1883
37-7356,37-481D,BIG WOOD RIVER,1,3,8/1/1882
37-7356,37-482J,BIG WOOD RIVER,1,3,8/1/1884
37-7356,37-483D,BIG WOOD RIVER,1,3,8/1/1902
37-7356,37-917,BIG WOOD RIVER,1,2.54,4/1/1940
37-7551,37-12018,SILVER CREEK,1,0.54,4/15/1983
37-7551,37-2188,SILVER CREEK,1,2.24,10/15/1911
37-7551,37-464,SILVER CREEK,1,2,6/1/1886
37-7584,37-11754,WASTE WATER,1,3,5/1/1952
37-7584,37-21998,LOVING CREEK,1,0.66,6/15/1887
37-7598D,37-252,LOVING CREEK,1,2.5,6/1/1887
37-7598D,37-2553B,DRAINAGE DITCH,1,1.9,6/28/1954
37-7598D,37-2575,UNNAMED DRAIN,1,2,7/13/1955
37-7598D,37-712,LOVING CREEK,1,1.3,6/1/1887
37-7633,37-11614,UNNAMED STREAM,1,0.58,4/15/1962
37-7633,37-2598,UNNAMED DRAIN,1,2.28,9/27/1957
37-7633,37-2642,UNNAMED STREAM,1,3,9/27/1960
37-7633,37-2643,UNNAMED STREAM,1,3.4,9/27/1960
37-7633,37-2661,UNNAMED STREAM,1,2.32,5/24/1961
37-7644,37-118,BUHLER DRAIN,1,8,7/1/1904
37-7645,37-115G,BIG WOOD RIVER,1,8.8,6/12/1886
37-7645,37-158D,BIG WOOD RIVER,1,1,7/1/1881
37-7645,37-22720,BIG WOOD RIVER,1,5.87,5/1/1902
37-7645,37-22722,BIG WOOD RIVER,1,0.84,6/23/1888
37-7645,37-22724,BIG WOOD RIVER,1,0.44,8/2/1889
37-7645,37-22726,BIG WOOD RIVER,1,0.78,5/1/1886
37-7645,37-22728,BIG WOOD RIVER,1,0.39,7/10/1884
37-7645,37-22730,BIG WOOD RIVER,1,2.37,10/15/1884
37-7645,37-22732,BIG WOOD RIVER,1,3.16,6/12/1886
37-7645,37-22734,BIG WOOD RIVER,1,7.11,6/15/1891
37-7645,37-597A,BIG WOOD RIVER,1,1.6,5/1/1886
37-7645,37-666H,BIG WOOD RIVER,1,0.79,6/12/1886
37-7645,37-667M,BIG WOOD RIVER,1,1.59,6/15/1891
37-7645,37-886D,BIG WOOD RIVER,1,0.12,6/1/1884
37-7651,37-20570,BIG WOOD RIVER,1,6.49,3/24/1883
37-7651,37-20571,BIG WOOD RIVER,1,0.77,3/24/1883
37-7651,37-20574,BIG WOOD RIVER,1,2.21,5/15/1885
37-7651,37-20577,BIG WOOD RIVER,1,9.6,5/31/1887
37-7651,37-20578,BIG WOOD RIVER,1,1.11,5/31/1887
37-7651,37-20581,BIG WOOD RIVER,1,0.55,6/15/1891
37-7651,37-20584,BIG WOOD RIVER,1,3.32,5/15/1892
37-7651,37-20593,BIG WOOD RIVER,1,3.36,6/30/1884
37-7651,37-22026,BIG WOOD RIVER,1,0.01,5/31/1887
37-7651,37-22028,BIG WOOD RIVER,1,0.03,5/15/1892
37-7651,37-22030,BIG WOOD RIVER,1,0.06,5/31/1887
37-7651,37-22032,BIG WOOD RIVER,1,0.02,5/15/1885
37-7651,37-22034,BIG WOOD RIVER,1,0.02,6/30/1884
37-7651,37-22036,BIG WOOD RIVER,1,0.01,6/15/1891
37-7651,37-22038,BIG WOOD RIVER,1,0.01,3/24/1883
37-7651,37-22040,BIG WOOD RIVER,1,0.04,3/24/1883
37-7745C,37-1227A,TOWNSEND GULCH,1,0.8,6/1/1883
37-7745C,37-20936,BIG WOOD RIVER,1,0.6,6/1/1885
37-7745C,37-20938,BIG WOOD RIVER,1,0.63,6/1/1886
37-7745C,37-20940,BIG WOOD RIVER,1,1.1,8/15/1902
37-7745C,37-20944,BIG WOOD RIVER,1,0.25,6/10/1880
37-7745C,37-2468A,LEES GULCH,1,0.69,2/15/1945
37-7758,37-115F,BIG WOOD RIVER,1,1,6/12/1886
37-7758,37-20641,BIG WOOD RIVER,1,0.96,7/10/1884
37-7758,37-20643,BIG WOOD RIVER,1,0.67,3/24/1883
37-7758,37-20645,BIG WOOD RIVER,1,5.4,5/17/1883
37-7758,37-20647,BIG WOOD RIVER,1,0.48,4/17/1883
37-7758,37-20649,BIG WOOD RIVER,1,4.34,6/20/1884
37-7758,37-20651,BIG WOOD RIVER,1,0.96,6/2/1890
37-7758,37-501B,BIG WOOD RIVER,1,0.4,5/1/1886
37-7758,37-501C,BIG WOOD RIVER,1,2,5/1/1886
37-7758,37-577K,BIG WOOD RIVER,1,1.38,3/24/1883
37-7758,37-590B,BIG WOOD RIVER,1,1,5/1/1886
37-7758,37-597B,BIG WOOD RIVER,1,0.7,5/1/1886
37-7775B,37-604H,BIG WOOD RIVER,1,0.53,6/3/1887
37-7775C,37-604C,BIG WOOD RIVER,1,0.53,6/3/1887
37-7775D,37-604D,BIG WOOD RIVER,1,0.53,6/3/1887
37-7775E,37-604E,BIG WOOD RIVER,1,1.04,6/3/1887
37-7775F,37-604F,BIG WOOD RIVER,1,0.53,6/3/1887
37-7775G,37-604G,BIG WOOD RIVER,1,0.53,6/3/1887
37-7799,37-629,LOVING CREEK,1,0.5,5/15/1904
37-7799,37-630A,LOVING CREEK,1,0.3,6/30/1885
37-7799,37-631,LOVING CREEK,1,0.7,6/15/1887
37-7871,37-863E,EAGLE CREEK,1,4.56,10/6/1902
37-7958,37-4K,BIG WOOD RIVER,1,0.13,3/24/1883
37-7958,37-577K,BIG WOOD RIVER,1,1.38,3/24/1883
37-7995,37-577Y,BIG WOOD RIVER,1,0.46,3/24/1883
37-800,37-11556,BIG WOOD RIVER,1,0.69,3/24/1883
37-800,37-125,LOVING CREEK,1,0.2,4/1/1884
37-800,37-4142,WASTE WATER,1,4.6,4/30/1931
37-8001D,37-578F,BIG WOOD RIVER,1,0.1,5/2/1884
37-8001D,37-686D,BIG WOOD RIVER,1,0.15,6/1/1886
37-801,37-11556,BIG WOOD RIVER,1,0.69,3/24/1883
37-801,37-125,LOVING CREEK,1,0.2,4/1/1884
37-801,37-4142,WASTE WATER,1,4.6,4/30/1931
37-802,37-11671,BIG WOOD RIVER,1,1.38,3/24/1883
37-802,37-2345A,BIG WOOD RIVER,1,4.8,2/12/1917
37-802,37-353D,BIG WOOD RIVER,1,3.6,6/12/1886
37-802,37-418D,BIG WOOD RIVER,1,1.75,6/23/1888
37-802,37-419D,BIG WOOD RIVER,1,0.92,8/2/1889
37-802,37-443,LOVING CREEK,1,4,6/15/1888
37-802,37-480B,BIG WOOD RIVER,1,3.5,6/15/1891
37-802,37-637,LOVING CREEK,1,3.8,4/1/1885
37-802,37-665H,BIG WOOD RIVER,1,8.16,10/15/1884
37-802,37-666F,BIG WOOD RIVER,1,3.42,6/12/1886
37-802,37-667K,BIG WOOD RIVER,1,8.16,6/15/1891
37-802,37-713B,BIG WOOD RIVER,1,3,6/10/1880
37-804,37-11830,BIG WOOD RIVER,1,1.38,3/24/1883
37-8058,37-21733,BIG WOOD RIVER,1,0.08,5/2/1884
37-8058,37-21734,BIG WOOD RIVER,1,0.02,5/2/1884
37-8058,37-21735,BIG WOOD RIVER,1,0.24,8/15/1902
37-8058,37-21736,BIG WOOD RIVER,1,0.06,8/15/1902
37-8137,37-630B,LOVING CREEK,1,0.4,6/30/1885
37-8143,37-21733,BIG WOOD RIVER,1,0.08,5/2/1884
37-8143,37-21734,BIG WOOD RIVER,1,0.02,5/2/1884
37-8143,37-21735,BIG WOOD RIVER,1,0.24,8/15/1902
37-8143,37-21736,BIG WOOD RIVER,1,0.06,8/15/1902
37-8196,37-833F,BIG WOOD RIVER,1,1.3,11/12/1936
37-8218,37-637,LOVING CREEK,1,3.8,4/1/1885
37-8218,37-443,LOVING CREEK,1,4,6/15/1888
37-8218,37-666F,BIG WOOD RIVER,1,3.42,6/12/1886
37-8218,37-353D,BIG WOOD RIVER,1,3.6,6/12/1886
37-8218,37-713B,BIG WOOD RIVER,1,3,6/10/1880
37-8218,37-11671,BIG WOOD RIVER,1,1.38,3/24/1883
37-8218,37-418D,BIG WOOD RIVER,1,1.75,6/23/1888
37-8218,37-419D,BIG WOOD RIVER,1,0.92,8/2/1889
37-8218,37-480B,BIG WOOD RIVER,1,3.5,6/15/1891
37-8218,37-667K,BIG WOOD RIVER,1,8.16,6/15/1891
37-8218,37-665H,BIG WOOD RIVER,1,8.16,10/15/1884
37-8219,37-666F,BIG WOOD RIVER,1,3.42,6/12/1886
37-8219,37-418D,BIG WOOD RIVER,1,1.75,6/23/1888
37-8219,37-419D,BIG WOOD RIVER,1,0.92,8/2/1889
37-8219,37-480B,BIG WOOD RIVER,1,3.5,6/15/1891
37-8219,37-667K,BIG WOOD RIVER,1,8.16,6/15/1891
37-8219,37-637,LOVING CREEK,1,3.8,4/1/1885
37-8219,37-443,LOVING CREEK,1,4,6/15/1888
37-8219,37-2345A,BIG WOOD RIVER,1,4.8,2/12/1917
37-8219,37-713B,BIG WOOD RIVER,1,3,6/10/1880
37-8219,37-11671,BIG WOOD RIVER,1,1.38,3/24/1883
37-8219,37-665H,BIG WOOD RIVER,1,8.16,10/15/1884
37-8219,37-353D,BIG WOOD RIVER,1,3.6,6/12/1886
37-8441A,37-11807,BIG WOOD RIVER,1,1.7,7/10/1884
37-8441A,37-11808,BIG WOOD RIVER,1,0.8,8/1/1884
37-8441A,37-11809,BIG WOOD RIVER,1,3.2,8/1/1884
37-8441A,37-11810,BIG WOOD RIVER,1,3.48,10/15/1884
37-8441B,37-11807,BIG WOOD RIVER,1,1.7,7/10/1884
37-8441B,37-11808,BIG WOOD RIVER,1,0.8,8/1/1884
37-8441B,37-11809,BIG WOOD RIVER,1,3.2,8/1/1884
37-8441B,37-11810,BIG WOOD RIVER,1,3.48,10/15/1884
37-8536,37-562H,BIG WOOD RIVER,1,1.46,5/10/1887
37-8536,37-617B,BIG WOOD RIVER,1,3.35,6/1/1887
37-8613A,37-4F,BIG WOOD RIVER,1,0.09,3/24/1883
37-8810,37-4F,BIG WOOD RIVER,1,0.09,3/24/1883
